rank,rawChinese,rawPinyin,english,englishMeaning,chineseMeaning,chineseExample
0,什么,shén me,what,interrogative pronoun,疑问代词。（１）表示疑问。ａ）单用，问事物：这是～？｜你找～？｜他说～？｜～叫押韵？ｂ）用在名词前面，问人或事物：～人？｜～事儿？｜～颜色？｜～地方？（２）虚指，表示不肯定的事物：他们仿佛在谈论～｜我饿了，想吃点儿～。（３）任指。ａ）用在‘也’或‘都’前面，表示所说的范围之内没有例外：他～也不怕｜只要认真学，～都能学会。ｂ）两个‘什么’前后照应，表示由前者决定后者：想～说～｜～场合说～话。（４）表示惊讶或不满：～！九点了，车还没有开！｜这是～鞋！一只大一只小的！（５）表示责难：你笑～？（不应该笑）｜你说呀！装～哑巴？（不必装哑巴）（６）表示不同意对方说的某一句话：～晒一天？晒三天也晒不干。（７）用在几个并列成分前面，表示列举不尽：～送个信儿啊，跑个腿儿啊，他都干得了。<br>,1、<b>什么</b>时候打破规则 <br />   2、 那么问题到底是<b>什么</b>呢？ <br />   3、 永久的中间用户需要<b>什么</b> <br />   4、 “那，有<b>什么</b>？”<br />
1,没有,méi yǒu,not,negates meaning of verb,１＜轻＞（１）表示‘领有、具有’等的否定：～票｜～理由。（２）表示存在的否定：屋里～人。（３）用在‘谁、哪个’等前面，表示‘全都不’：～谁会同意这样做｜～哪个说过这样的话。（４）不如；不及：你～他高｜谁都～他会说话。（５）不够；不到：来了～三天就走了。<br>,1、<b>没有</b>人愿意停留在新手级别。 <br />   2、 <b>没有</b>人希望自己使用的机器责备它。 <br />   3、 “<b>没有</b>。” <br />   4、 你无辜地回答：“<b>没有</b>。”<br />
2,自己,zì jǐ,oneself,"The person, previously mentioned",（１）代词，复指前头的名词或代词（多强调不由于外力）：改造～｜鞋我～去买吧｜瓶子不会～倒下来，准是有人碰了它。（２）亲近的；关系密切的：～人｜～弟兄。<br>,1、没有人希望<b>自己</b>使用的机器责备它。 <br />   2、 她查看<b>自己</b>的约会记录，看看哪个时段<b>自己</b>还没有安排。 <br />   3、 这时，他们会感觉<b>自己</b>在直接操纵交互和数据。 <br />   4、 （与猜测正好相反，极少有人能够清楚地表述<b>自己</b>的需要。<br />
3,知道,zhī dào,know,be certain or sure about (something),＜轻＞对于事实或道理有认识：他～的事情很多｜你的意思我～。<br>,1、他们<b>知道</b>信息是不完整的，有时还是错误的，甚至<b>知道</b>有时需要加速处理数据以便让顾客高兴。 <br />   2、 体贴的软件<b>知道</b>什么时候调整规则 <br />   3、 “用户需要<b>知道</b>他们犯了错误”这一假设也是不对的，<b>知道</b>请求了无效的字体大小会有多重要？ <br />   4、 我们是怎么<b>知道</b>的呢？<br />
4,起来,qǐ lái,arise,"start to exist, originate",１＜轻＞（１）由躺而坐，由坐而站：你～，让老太太坐下。（２）起床：刚～就忙着下地干活儿。（３）泛指兴起、奋起、升起等：群众～了｜飞机～了。<br>,1、交互设计者必须要将实现模型隐藏<b>起来</b>，不能让用户看到。 <br />   2、 将功能需求转换到功能元素，我们的设计开始变得清晰具体<b>起来</b>。 <br />   3、 然而，虽然使用这些控件能够确保软件实现<b>起来</b>很容易，但无法确保使用<b>起来</b>也会很容易。 <br />   4、 将对象与视觉符号关联<b>起来</b><br />
5,时候,shí hou,time,numerical indication of a particular moment in time,＜口＞（～儿）年纪小的时候：这是他～的相片。<br>,1、什么<b>时候</b>打破规则 <br />   2、 体贴的软件知道什么<b>时候</b>调整规则 <br />   3、 如果你在没有理解“是什么”的<b>时候</b>，就直接进入了“怎样？” 你会假设这个工具的输出是报告。 <br />   4、 为什么它不问你是什么<b>时候</b>做的这些修改？<br />
6,这样,zhè yàng,so,in a particular manner,（～儿）指示代词，指示性质、状态、方式、程度等：他就是～一个大公无私的人｜他的认识和态度就是～转变的｜工人阶级要担负～重大的责任｜～，就可以引起同学们爬山的兴趣。也说这么样。注意：‘这（么）样’可以用做定语或状语，也可以用做补语或谓语。‘这么’只能用做定语或状语。<br>,1、当然了，<b>这样</b>还是可能会被滥用。 <br />   2、 <b>这样</b>可以节省很多空间，并且易于阅读。 <br />   3、 没有理由让用户忍受<b>这样</b>的对话框。 <br />   4、 图10-2 程序员习惯看到<b>这样</b>的消息，并不意味着其他行业的人们也希望<b>这样</b>。<br />
7,怎么,zěn me,how,in what manner,疑问代词。（１）询问性质、状况、方式、原因等：这是～回事？｜这个问题该～解决？｜他～还不回来？（２）泛指性质、状况或方式：你愿意～办就～办。（３）有一定程度（用于否定式）：这出戏他刚学，还不～会唱（＝不大会唱）。<br>,1、你难道听不见程序员在喊：“<b>怎么</b>能改变已经成为标准的事物呢？ <br />   2、 看你<b>怎么</b>认为，如考虑到用户能够在任意选择的位置执行不连续的撤销，这样相当方便。 <br />   3、 无论是什么样的情况，这都是正常的行为，而不是错误，你也没有必要在计算机每次遭遇这种情况时都必须告诉它应该<b>怎么</b>做。 <br />   4、 这些人在<b>怎么</b>想呢？<br />
8,已经,yǐ jing,already,prior to some time,＜轻＞副词，表示事情完成或时间过去：天～黑了，他们还没有收工。<br>,1、这个例子在本书的1995年第1版中<b>已经</b>提到过，希望当前的状况<b>已经</b>有所好转。 <br />   2、 下拉菜单可以让他重新发现自己<b>已经</b>忘记名字的功能。 <br />   3、 同时，程序还自鸣得意地告诉用户打印<b>已经</b>取消。 <br />   4、 大部分邮件程序在这方面做的很好，未读邮件，<b>已经</b>回复和<b>已经</b>转发的邮件有明显的状态区别。<br />
9,现在,xiànzài,now,At present; at this time.,这个时候，指说话的时候，有时包括说话前后或长或短的一段时间（区别于‘过去’或‘将来’）：他～的情况怎么样？｜～劳动人民是国家的主人。<br>,1、<b>现在</b>我们准备开始设计。 <br />   2、 <b>现在</b>我们准备开始勾画出大致的界面，最初阶段，界面的视觉化工作应该极其简单。 <br />   3、 <b>现在</b>，程序的显示区完全处于这种工具的模态中。 <br />   4、 用户执行每次操作后，系统都应该提示<b>现在</b>可以执行的功能，以及如何调用这些功能。<br />
10,可以,kěyǐ,OK,"all right, permitted",１（１）表示可能或能够：不会的事情，用心去学，是～学会的｜这片麦子～割了。（２）表示许可：你～走了。参看‘能’条注意：ｄ、ｅ两项。<br>,1、是否<b>可以</b>采用工具提示呢？ <br />   2、 当然，程序在后面<b>可以</b>删除它，但用户仍<b>可以</b>输入。 <br />   3、 <b>可以</b>用图形条目取代吗？ <br />   4、 通常<b>可以</b>从记录中的其他数据中重构出来，即使不<b>可以</b>，我们还是<b>可以</b>通过询问涉及交易的不同方面来重构。<br />
11,女人,nǚ rén,woman,adult female human being,１女性的成年人。<br>,1、那个<b>女人</b>简直不可理喻. <br />   2、 <b>女人</b>不大吹嘘她们的勇气。 <br />   3、 落入<b>女人</b>的陷阱((受<b>女人</b>引诱)) <br />   4、 他用一块木头雕了一个<b>女人</b>像。<br />
12,觉得,jué de,feel,transitive: to think or believe,（１）发生某种感觉：虽然工作到深夜，但一点也不～疲倦。（２）认为（语气较不肯定）：我～应该先跟他商量一下。<br>,1、的确，由于害怕显得愚蠢、无能，以及缺乏礼貌，许多人不会谈论他们<b>觉得</b>有问题或者难以理解的软件行为。 <br />   2、 对于适应一种熟悉系统更新并更有用的表现方式来说，人们并不会<b>觉得</b>有多困难。 <br />   3、 但软件告诉你失败会让人<b>觉得</b>没有面子，计算机内部发生的任何事情都没有重要到可以羞辱和贬低人类用户的地步，而我们人类只是出于习惯采取负面反馈。 <br />   4、 设计一件让用户<b>觉得</b>好使的产品相对简单，产品对于别人的影响有时却难以计算。<br />
13,因为,yīn wèi,because,[indicates that a reason or cause follows].,＜轻＞连词，表示原因或理由：～今天进城要办的事情多，天刚亮他就出门了。<br>,1、<b>因为</b>实际的问题隐藏在后面，所以产生了困惑。 <br />   2、 <b>因为</b>计算机不需要，但是人类有轻微调整系统的强烈需求。 <br />   3、 和科学怪人一样，他们之所以失败，是<b>因为</b>没有在作品中注入人性。 <br />   4、 体贴的软件不会<b>因为</b>自己的问题而增加你的负担<br />
14,孩子,hái zi,child,"a female or male child, a daughter or son",（１）儿童：小～｜男～。（２）子女：她有两个～。<br>,1、一群<b>孩子</b>正在操场上做游戏。 <br />   2、 她千方百计寻找丢失的<b>孩子</b>。 <br />   3、 正发育的<b>孩子</b>必须睡眠充足. <br />   4、 母亲不应偏爱某一个<b>孩子</b>。<br />
15,眼睛,yǎn jing,eye,"The organ that is sensitive to light, which it converts to electrical signals passed to the brain, by which means animals see.",＜轻＞眼的通称。<br>,1、把一只<b>眼睛</b>闭上，眯着另一只<b>眼睛</b>模模糊糊地看屏幕，这样便可以看出来哪些元素突出、哪些元素模糊，以及哪些元素看起来是一组的等。 <br />   2、 罗伯特·乔丹看到他<b>眼睛</b>象猫<b>眼睛</b>那样黄，象爬虫的<b>眼睛</b>那样呆滞。 <br />   3、 他们的<b>眼睛</b>注视着自己的工作，身体语言是专注和一心一意的；当人们没有专注时，他看上去是松散的样子，其姿态是开放和移动的，他们的<b>眼睛</b>在提问并且希望进行视线的交流。 <br />   4、 如果检索系统能够睁大<b>眼睛</b>竖起耳朵，就可以知道许多有关文档的信息。<br />
16,东西,dōng xī,thing,"that which is considered to exist as a separate entity, object, quality or concept",１（１）东边和西边。（２）从东到西（距离）：这个城～三里，南北五里。<br>,1、，“哪个<b>东西</b>不属于其他的<b>东西</b>？” <br />   2、 <b>东西</b>不管是凉的，还是热的，只要是令人满意的，我们都可以说“酷”。 <br />   3、 这些<b>东西</b>很快就变得倒胃口，令人心神不宁。 <br />   4、 为本能反应设计，是指设计那些感官最初感觉到，并且尚未发生对产品进一步活动之前的<b>东西</b>。<br />
17,先生,xiān sheng,mister,title of adult male,＜轻＞（１）老师。（２）对知识分子的称呼。（３）旧时称别人的丈夫或对人称自己的丈夫（都带人称代词做定语）：她～出差去了｜等我们～回来，我让他马上去找您。（４）＜方＞医生。（５）旧时称管帐的人：在商号当～。（６）旧时称以说书、相面、算卦、看风水等为职业的人：算命～。<br>,"1、“我无意讨价还价，”布朗<b>先生</b>说。 <br />   2、 格林<b>先生</b>，史密斯<b>先生</b>在这里。 <br />   3、 <b>先生</b>， 我刚刚与Carlson<b>先生</b>通了话。 <br />   4、 史密斯<b>先生</b>提议向演说者鼓掌致谢,格林<b>先生</b>附议之。<br />"
18,看见,kàn jiàn,see,"To perceive [images] with the eye, without necessarily paying attention to them.",＜轻＞看到；看得见｜看不见。<br>,1、我们知道这类按钮可以按，是因为<b>看见</b>过周围类似的电子设备，或者因为多年前与父母一起站在门阶上学会了如何进入他人家门。 <br />   2、 如果我们为列表控件的每个项添加一个复选框，用户不仅清楚地<b>看见</b>哪些项已经选择，哪些项没有选择，而且可以清晰地<b>看见</b>项目之间没有相互排斥，这样就一举两得了。 <br />   3、 这意味着在仍可以<b>看见</b>非模态对话框的情况下，你可以改变选择。 <br />   4、 职员不能将一个文档移到队列顶部，除非队列、文档，以及文档在队列中的位置都能明显<b>看见</b>。<br />
19,父亲,fù qīn,father,male parent,＜轻＞有子女的男子是子女的父亲。<br>,1、他知道跟他<b>父亲</b>争论是没用的。 <br />   2、 <b>父亲</b>，你尽管生气．我还是爱你，敬重你。 <br />   3、 他<b>父亲</b>去世时他不得不继承他<b>父亲</b>的事业。 <br />   4、 <b>父亲</b>对你们的计划不予支持。<br />
20,地方,dì fāng,place,"location, position",１（１）各级行政区划的统称（跟‘中央’相对）：中央工业和～工业同时并举。（２）本地；当地：他在农村的时候，常给～上的群众讲红军长征的故事。<br>,1、信息项是否都在顾客可能找到的<b>地方</b>？ <br />   2、 遵循情境调查的首要原则，进行访谈的<b>地方</b>位于用户实际使用产品的<b>地方</b>非常重要。 <br />   3、 但是在用户交互方面，二者之间类似的<b>地方</b>很少。 <br />   4、 在有输出的<b>地方</b>允许输入。<br />
21,生活,shēng huó,life,the essence of the manifestation and the foundation of the being,（１）人或生物为了生存和发展而进行的各种活动：政治～｜日常～｜观察蜜蜂和蚂蚁的～。（２）进行各种活动：跟群众～在一起。（３）生存：一个人脱离了社会就不能～下去。（４）衣、食、住、行等方面的情况：解放后人民的～不断提高。（５）＜方＞活儿（主要指工业、农业、手工业方面的）：做～｜～忙。<br>,1、在我们生长的<b>生活</b>环境中，颜色也具有一些含义。 <br />   2、 修改并再修改，这是设计<b>生活</b>中的现实。 <br />   3、 在人类学中，人种学研究人员在其所研究和记录的文化中花数年的时间进行浸入式的<b>生活</b>。 <br />   4、 大多数人物角色通常可以没有人生目标或者只有一个<b>生活</b>目标，这是正常的。<br />
22,母亲,mǔ qīn,mother,A woman who has at least one child.,＜轻＞有子女的女子，是子女的母亲◇祖国，我的～！<br>,1、你和你的<b>母亲</b>这时碰壁了，她看着你问道：“这是什么意思？ <br />   2、 他请假去探望住院的<b>母亲</b>。 <br />   3、 你的<b>母亲</b>会这么想：“如果不想要这些改变，为什么要关闭一个包含它们的文档呢？” <br />   4、 尽管大部分人都不清楚内存和磁盘存储之间的区别，但是很遗憾，我们历来设计的软件都在强迫使用者——也包括你的<b>母亲</b>——必须了解这个区别，还必须要按照计算机内部构造原理的思路来思考他们的文件。<br />
23,一切,yī qiè,all,everything possible,（１）全部的：调动～积极因素。（２）全部的事物：人民的利益高于～。<br>,1、这种<b>一切</b>正常的感觉是来自内心，而不是大脑。 用户，甚至是专家用户也会安心。 <br />   2、 很多可用性专家利用技术辅助手段，诸如视频和音频记录器来获取用户谈到的和所做的<b>一切</b>。 <br />   3、 <b>一切</b>都各就其位：通过位置存储和检索 <br />   4、 菜单最大的优点在于其完备性和详细说明，用户所需的<b>一切</b>都可以在程序菜单中找到。<br />
24,男人,nán rén,man,adult male human,１男性的成年人。<br>,
25,工作,gōng zuò,work,To do a specific task by employing physical or mental powers.,（１）从事体力或脑力劳动，也泛指机器、工具受人操纵而发挥生产作用：积极～｜开始～｜铲土机正在～。（２）职业：在资本主义国家，经常成千上万的人找不到～。（３）业务；任务：～量｜宣传～｜工会～｜科学研究～。<br>,1、命令途径和<b>工作</b>集 <br />   2、 附加<b>工作</b>和专家用户 <br />   3、 导航是一种附加<b>工作</b> <br />   4、 消除附加<b>工作</b><br />
26,声音,shēng yīn,sound,sensation perceived by the ear,由物体振动而发生的波通过听觉所产生的印象：～强◇党中央的～传遍全国。<br>,1、每次你按下键盘，你都可以听到微弱，但是正面的<b>声音</b>。 <br />   2、 我们的软件工具通常是沉默的，我们能听到的只有静静敲击键盘的<b>声音</b>。 <br />   3、 不过，这里也要小心处理<b>声音</b>的大小，要确保反馈<b>声音</b>的音量不能太大或者产生干扰。 <br />   4、 没有<b>声音</b>或视觉上没有变化，是表示这种结果的好方式。<br />
27,今天,jīn tiān,today,today ( <i>noun</i> ),（１）说话时的这一天。（２）现在；目前：～的中国已经不是解放前的中国了。<br>,1、尽管书中的例子有些古老，但是其中原则在<b>今天</b>仍然非常适用。 <br />   2、 尽管这种界面范例在那时称为“基于菜单”，而我们称这些菜单为“顺序层次关系菜单”，与<b>今天</b>流行的菜单区分开。 <br />   3、 前面的场景剧本中的一些交互看起来有点像魔术一样，但在<b>今天</b>的技术条件下都是可能的。 <br />   4、 <b>今天</b>的菜单：学习的途径<br />
28,开始,kāi shǐ,begin,"To start, to initiate or take the first step into something.",（１）从头起；从某一点起：新的一年～了｜今天从第五课～。（２）着手进行：～一项新的工作｜提纲已经定了，明天就可以～写。（３）开始的阶段：一种新的工作，～总会遇到一些困难。<br>,1、从这时<b>开始</b>，你就要用他或者她的名字来描述人物角色。 <br />   2、 现在我们准备<b>开始</b>设计。 <br />   3、 当你<b>开始</b>展开叙述时，选择你人物角色的照片。 <br />   4、 正如我们以前讨论过的，这就是设计<b>开始</b>的地方。<br />
29,时间,shí jiān,time,inevitable passing of events,（１）物质存在的一种客观形式，由过去、现在、将来构成的连绵不断的系统。是物质的运动、变化的持续性的表现。（２）有起点和终点的一段时间：地球自转一周的～是二十四小时｜盖这么所房子要多少～？（３）时间里的某一点：现在的～是三点十五分。<br>,1、在相邻空间上显示事物，而不是按<b>时间</b>堆积 <br />   2、 优化响应能力，调节延迟<b>时间</b>。 <br />   3、 自动滚屏需要的另一个重要细节是<b>时间</b>延迟。 <br />   4、 人们在使用独占应用时，由于通常都会花费不少<b>时间</b>和精力，因此人们都有既定的兴趣要把自己发展成为中间用户，正如我们在第3章中讨论的那样。 每个用户都会从初级用户开始花些<b>时间</b>，不过这些<b>时间</b>相对于使用产品的全部<b>时间</b>来说是较短的。<br />
30,如果,rú guǒ,if,[The introduction of a condition or decision.],连词，表示假设：你～有困难，我可以帮助你。<br>,1、但<b>如果</b>你想使用名的第1个字母来查找姓名呢？ <br />   2、 <b>如果</b>值得用户输入，就值得程序记住。 <br />   3、 <b>如果</b>有的话，模式的运用要明智 <br />   4、 <b>如果</b>专家说：“这个产品不好”，可能意指“这个产品对于专家来说不好”。<br />
31,中国,zhōnɡ ɡuó,China,Region corresponding to the People&#39;s Republic of China and Taiwan,"①古时“中国”含义不一。或指京师为“中国”。《诗·大雅·民劳》：“惠此中国，以绥四方。”毛传：“中国，京师也”。《史记·五帝本纪》：“夫而后中国，践天子位焉。” 裴驷集解：“刘熙曰：‘帝王所都为中，故曰中国。”或指华夏族，汉族地区为中国（以其在四夷之中）。《诗·小雅·六月序》：“《小雅》尽废，则四夷交侵，中国微矣。”又《礼记·中庸》：“是以声名洋溢乎中国，施及蛮貊。”而华夏族，汉族多建都于黄河南，北，因称其地为“中国”，与“中土”，“中原”，“中州”，“中夏”，“中华”含义相同。初时本指河南省极其附近地区，后来华夏族，汉族活动范围扩大，黄河中下游一带，也被称为“中国”。《晋书·宣帝纪》：“孟达于是连吴固蜀，潜图中国。”（“中国”指立国于黄河中下游的魏国），甚至把所统辖的地区，包括不属于黄河流域的地方， 也全部称为“中国”。《史书·天官书》：“其后秦遂以兵灭六国，并中国。”19世纪中叶以来，“中国”始专指我国家全部领土，不作他用。 );
②“中华人民共和国”的简称。 );
③中国（Madhya-desa）。古地名。即恒河中下游一带的中印度，佛教徒译称“中国”。见《法显传》。<br>",1、英国和<b>中国</b>签署了贸易协定. <br />   2、 北京是一个典型的<b>中国</b>城市。 <br />   3、 对<b>中国</b>主权的侵害 [侵犯] 行为 <br />   4、 一幅古代<b>中国</b>画卷<br />
32,以后,yǐ hòu,after,subsequently; following in time; later than,现在或所说某的之后的时期：从今～｜五年～｜～，我们还要研究这个问题。<br>,1、爬上来<b>以后</b>，计算机专业人员已经忘记了山的高度。 但每天新手用户面对计算机世界的珠穆朗玛峰，会深感挫折。 <br />   2、 当你的一个朋友严重失礼时，他会试图<b>以后</b>弥补，挽回可以挽回的损失。 <br />   3、 然而稳定使用几个月<b>以后</b>，新手用户会开始发现它们，思考其含义并且试探性地使用。 <br />   4、 通常这种会议会以视频或者音频形式记录下来，供<b>以后</b>查阅。<br />
33,事情,shì qing,matter,situation,＜轻＞人类生活中的一切活动和所遇到的一切社会现象。<br>,1、你不会因为害怕被车撞而躲在家里，所以在界面上也不要让可能发生的<b>事情</b>影响你对必然要发生的<b>事情</b>的处理。 <br />   2、 要干这些<b>事情</b>，可能需要3个遥控器，或者在一个万能遥控器上按6次以上的按钮。 <br />   3、 如果某种设备让用户更加有效地做好几件<b>事情</b>，则用户会感觉比那些试图处理很多不相关<b>事情</b>的设备要好得多。 <br />   4、 正如爱因斯坦认为的那样，<b>事情</b>要尽可能地简单，而不是简单一些。<br />
34,所以,suǒ yǐ,therefore,consequently; by consequence,（１）表示因果关系的连词。ａ）用在下半句表示结果：我和他在一起工作过，～对他比较熟悉。ｂ）用在上半句主语和谓语之间，提出需要说明原因的事情，下半句说明原因：我～对他比较熟悉，是因为我和他在一起工作过。ｃ）上半句先说明原因，下半句用‘是…所以…的原因（缘故）’：我和他在一起工作过，这就是我～对他比较熟悉的原因。ｄ）＜口＞‘所以’单独成句，表示‘原因就在这里’：～呀，要不然我怎么这么说呢！（２）实在的情由或适宜的举动（限用于固定词组中做宾语）：忘其～｜不知～。<br>,1、因为实际的问题隐藏在后面，<b>所以</b>产生了困惑。 <br />   2、 因为易于操作，<b>所以</b>单次撤销非常有效。 <br />   3、 但是程序却没有提供该选项，<b>所以</b>显示了文字提示。 <br />   4、 因为历史版本涉及整个文档，<b>所以</b>它通常直接通过文件系统来实现。<br />
35,突然,tū rán,suddenly,happening quickly and with little or no warning,在短促的时间里发生，出乎意外：他来得很～｜连长～接到了开拔的命令。<br>,1、当然，也一定存在着十分紧急的情况，需要以一种<b>突然</b>且吸引注意力的方式来通知使用者。 <br />   2、 出于习惯，高层次的立即菜单项总是<b>突然</b>“咣当”出来要求执行。 <br />   3、 这个时间也足够一个使用者单击并选取该对象，而不会触发工具提示，从而这保证了使用者鼠标经过工具栏进行操作时不会被<b>突然</b>弹出的工具提示所骚扰。 <br />   4、 但是，如果某次修改字节的数量<b>突然</b>激增到5 000，程序可以认为出了某种错误。<br />
36,为什,wéi shí,,,"1.见""为甚""。<br>",1、他们<b>为</b><b>什</b>麽不选择他我觉得是个谜. <br />   2、 <b>为</b><b>什</b>麽允许这些人随意进入该地? <br />   3、 你<b>为</b><b>什</b>麽情绪这麽低落? 振作起来吧! <br />   4、 你们<b>为</b><b>什</b>麽都突然冲我来了（批评或责备我）?<br />
37,问题,wèn tí,problem,A question or exercise (set by a teacher or professor at a school or other eductaional institution) with the explicit purpose of being solved by the students.,（１）要求回答或解释的题目：这次考试一共有五个～｜我想答复一下这一类的～。（２）需要研究讨论并加以解决的矛盾、疑难：思想～｜这种药治感冒很解决～。（３）关键；重要之点：重要的～在善于学习。（４）事故或意外：那部车床又出～了。<br>,1、那么<b>问题</b>到底是什么呢？ <br />   2、 没啥<b>问题</b>吧？” <br />   3、 体贴的软件不问过多<b>问题</b> <br />   4、 多次撤销的模型<b>问题</b><br />
38,许多,xǔ duō,,,很多：～东西｜～位｜广场上有～人｜菊花有许许多多的品种。<br>,1、<b>许多</b>错误消息框显示：“无效的输入。 <br />   2、 毫无疑问，如果使用支持拖放的列表控件，<b>许多</b>程序将从中获益。 <br />   3、 在<b>许多</b>情况下，程序区分这两种功能是没有意义的。 <br />   4、 在<b>许多</b>情况下，优秀的用户界面也采用相同的方法进行平衡。<br />
39,太太,tài tɑi,wife,married woman,＜轻＞（１）旧社会中通称官吏的妻子。（２）旧社会中官僚地主人家的仆人等称女主人。（３）对已婚妇女的尊称（带丈夫的姓）：张～｜王～。（４）旧时称某人的妻子或丈夫对人称自己的妻子（多带人称代词做定语）：我～跟他～原来是同学。（５）＜方＞称曾祖母或曾祖父。<br>,1、这样威胁老<b>太太</b>太卑鄙了。 <br />   2、 究竟对我有什么要求， Stewart<b>太太</b>？ <br />   3、 没关系， <b>太太</b>。慢慢来。 <br />   4、 <b>太太</b>为我们保留了蜜月套房。<br />
40,告诉,ɡào sù,say,to pronounce,受害人向法院告发：～到法院。<br>,1、为什么要<b>告诉</b>我们这个？ <br />   2、 当我们<b>告诉</b>文字处理器打印一份文档时，它不会<b>告诉</b>我们打印纸不够了。 也不会<b>告诉</b>我们前面有40份文档在排队等待打印，或附近另一台打印机空闲，而一个乐于助人的人会<b>告诉</b>我们这些。 <br />   3、 <b>告诉</b>你，我绝不会为了你而修改它！” <br />   4、 软件认为，一个数字字段必须包含一个数字——数据完整性<b>告诉</b>它这些。<br />
41,感到,gǎn dào,feel,transitive: to experience an emotion or other mental state about,觉得。<br>,1、这种差异存在着充分的理由，尽管我们偶尔会<b>感到</b>迷惑。 <br />   2、 使用图标和其他说明元素可以帮助用户理解界面，但如果做得很糟糕，可能会使用户<b>感到</b>恼怒、迷惑，甚至被侮辱。 <br />   3、 第2个原因是利益冲突，它影响产品制造商和经销商让用户<b>感到</b>高兴的能力。 <br />   4、 新手一般不会经常使用它们，如果不小心触发了它们，新手们会<b>感到</b>非常困惑。<br />
42,电话,diàn huà,telephone,a device used for two-way talking with other people,（１）利用电流使两地的人互相交谈的装置，主要由发话器、受话器和线路三部分组成。（２）用电话装置传递的话：打～｜我没有接到他的～。<br>,1、直接从约会记录（情境）中拨打<b>电话</b>（动作）给某个人（对象）。 <br />   2、 移动<b>电话</b>是一个非常有趣的手持设备，<b>电话</b>不是卫星设备，它们是主要的通信工具。 <br />   3、 比如，手机的<b>电话</b>本使用的输入界面和手机的日程表程序的输入界面不同。 <br />   4、 然而从界面姿态的角度来看，<b>电话</b>也是暂时姿态的。<br />
43,朋友,péng you,friend,person whose company one enjoys,＜轻＞（１）彼此有交情的人。（２）指恋爱的对象。<br>,"1、查尔斯怕羞,不会主动结交<b>朋友</b>。 <br />   2、 作为消费类产品的最后一种可选情况，设计师可以招募自己的<b>朋友</b>和亲戚。 <br />   3、 当你的一个<b>朋友</b>严重失礼时，他会试图以后弥补，挽回可以挽回的损失。 <br />   4、 作者就有一些使用鼠标中间键的<b>朋友</b>，他们用其作为双击左键的快捷方式，该特性通过配置鼠标驱动软件来获得。<br />"
44,老师,lǎo shī,teacher,person who teaches,教师。泛指在政治思想、业务知识等方面值得学习的人。<br>,"1、他向<b>老师</b>控告另外两个小孩。 <br />   2、 他要<b>老师</b>进一步阐述编制程序的步骤。 <br />   3、 你如有困难,可求助于<b>老师</b>。 <br />   4、 他用很多问题不断地烦<b>老师</b>。<br />"
45,当然,dāng rán,certainly,"without doubt, surely",凭主观推测，认为事情大概是或应该是这样。<br>,1、<b>当然</b>了，这样还是可能会被滥用。 <br />   2、 <b>当然</b>，我们每个人的审美观都有所不同。 <br />   3、 <b>当然</b>，计算机可以毫不费力地记住这四五个事物。 <br />   4、 <b>当然</b>，逻辑设置也同样如此。<br />
46,明白,míng bai,understand,to be aware of the meaning of,＜轻＞（１）内容、意思等使人容易了解；清楚；明确：他讲得十分～。（２）公开的；不含糊的：在知识分子中～提出思想改造的任务，是完全必要的。（３）聪明；懂道理：他是个～人，不用多说就知道。（４）知道；了解：集体合作的好处他们是容易～的。<br>,1、我们的语言充满成语和习惯用语，如果没有学过，你不会<b>明白</b>它是什么意思。 <br />   2、 完全依赖于隐喻意味着你可以直觉地理解软件的基本功能，但接下来，在你<b>明白</b>了其功能之后，隐喻极大地增加了导航的负担。 <br />   3、 如果看到某样东西，就<b>明白</b>如何使用它。 你理解了其启示，但你必须采用一些方法建立这种心理联系。 <br />   4、 一个好的服务员是客户为上的，她<b>明白</b>正在接受服务的人就是老板。<br />
47,可能,kě néng,maybe,as a pro-sentence,（１）表示可以实现：～性｜团结国内外一切～团结的力量｜提前一个月交工是完全～的。（２）能成为事实的属性；可能性：这种～不大｜事情的发展有两种～。（３）也许；或许：他～不知道今天开会。<br>,1、当然了，这样还是<b>可能</b>会被滥用。 <br />   2、 为<b>可能</b>设计，为<b>可能</b>做好准备 <br />   3、 尽<b>可能</b>地减少和简化输入 <br />   4、 尽<b>可能</b>地消除每一个附加工作。<br />
48,而且,ér qiě,besides,moreover; furthermore,连词，表示进一步，前面往往有‘不但、不仅’等跟它呼应：不但战胜了各种灾害，～获得了丰收。<br>,1、这不仅有助于表达，<b>而且</b>可以帮助使用者在创建时更好地定位。 <br />   2、 <b>而且</b>静态暗示要求对象必须足够大，才能容纳得下启示信息。 <br />   3、 它们都是填充工具，<b>而且</b>需要频繁使用。 <br />   4、 毫无疑问，滚动条遭到了滥用，<b>而且</b>缺少调查。<br />
49,然后,rán hòu,afterwards,at a later or succeeding time,副词，表示接着某种动作或情况之后：学～知不足｜先研究一下，～再决定。<br>,1、很多软件都要求用户输入数字，<b>然后</b>在命令中将这些数字转换成为图形。 <br />   2、 最起码，程序应该将两个文件标上不同的日期，<b>然后</b>保存。 <br />   3、 这里使用者可以先选择功能，<b>然后</b>选择1~2个对象。 <br />   4、 用户将鼠标停留在固定的位置，按下按键，<b>然后</b>释放。<br />
50,书记,shū ji,clerk,one working with records etc.,＜轻＞（１）党、团等各级组织中的主要负责人。（２）旧时称办理文书及缮写工作的人员。<br>,1、他需得到厂党委<b>书记</b>的同意，才能报名参加考试。 <br />   2、 代表大会召开之后，<b>书记</b>处由上海迁到了北京。 <br />   3、 戈尔巴乔夫是个典型的州党委<b>书记</b>。 <br />   4、 <b>书记</b>官在喃喃诵读起诉状。<br />
51,应该,yīng gāi,have to,obligation,表示理所当然：～爱护公共财产｜为了大伙的事，我多受点累也是～的。<br>,1、我们<b>应该</b>相信谁呢？ <br />   2、 ，而<b>应该</b>说“打开报告…”。 <br />   3、 ，以及“产品看起来<b>应该</b>如何和<b>应该</b>采取什么样的行为？” <br />   4、 选择照片时<b>应该</b>非常小心。<br />
52,似乎,sì hū,as if,in mimicry of,＜轻＞副词，仿佛；好象：他～了解了这个字的意思，但是又讲不出来。<br>,1、既有文本，又有图标的标签图标按钮<b>似乎</b>是个好主意。 <br />   2、 这就<b>似乎</b>意味着交互设计中要考虑的那些各种日常行为应该成为设计工作的主要重点，而对本能层次和反思层次的考虑是次要的。 <br />   3、 在触摸屏上使用屏幕上显示的软键盘来输入数据，<b>似乎</b>很不错。 <br />   4、 与适应性菜单不同，带条的设计<b>似乎</b>同时具备了菜单和工具栏的优势。<br />
53,喜欢,xǐ huan,like,enjoy,＜轻＞（１）对人或事物有好感或感到兴趣。（２）愉快；高兴：喜喜欢欢过春节｜快把试验成功的消息广播一下，叫大家～～。<br>,1、这些都是人类不<b>喜欢</b>的性格，为什么我们期望软件这样呢？ <br />   2、 个性化是特殊的模态（本章稍后会谈及），无论人们是<b>喜欢</b>还是不<b>喜欢</b>，你必须容纳这两种类型的用户。 <br />   3、 这个界面遵循了图形设计者的心理模型，他们往往不<b>喜欢</b>一组枯燥抽象的数值，而更<b>喜欢</b>看到具体的外观。 <br />   4、 你<b>喜欢</b>杂脍，还是鸡肉面汤？<br />
54,最后,zuìhòu,last,After all the others.,在时间上或次序上在所有别的之后：～胜利一定属于我们｜这是全书的～一章。<br>,1、作为消费类产品的<b>最后</b>一种可选情况，设计师可以招募自己的朋友和亲戚。 <br />   2、 <b>最后</b>要考虑一点，尤其在商业产品中是用户所在组织之间的文化差异。 <br />   3、 改进错误消息：<b>最后</b>一招 <br />   4、 <b>最后</b>，摄像机的视野可以分别放大或者缩小。<br />
55,妈妈,mā mā,mother,A woman who has at least one child.,"1.母亲。);
2.称年长的已婚妇女。);
3.称老妻。);
4.称老年女仆。<br>","1、""<b>妈妈</b>，对不起，刚才没听见。"" <br />   2、 爸爸是个了不起的医生， <b>妈妈</b>。 <br />   3、 <b>妈妈</b>, 您好吗? <br />   4、 整个病房里做<b>妈妈</b>的似乎都有点问题。<br />"
56,晚上,wǎn shang,evening,That part of the day in which daylight decreases and the night falls.,太阳落了以后到深夜以前的时间，也泛指夜里。<br>,1、他提醒我<b>晚上</b>不要单独出去。 <br />   2、 “干吧”，他厉声向克劳德耳语说“咱们没有整个<b>晚上</b>可以消磨。” <br />   3、 无论如何，今天<b>晚上</b>我要见你。 <br />   4、 你们<b>晚上</b>九点睡觉。<br />
57,意思,yì sī,meaning,"significance of a thing, as &quot;the meaning of life&quot;","1.思想;心思。);
2.意义，道理。);
3.意图，用意。);
4.意志。);
5.神情。);
6.情趣;趣味。);
7.心情，情绪。);
8.情意;心意。);
9.引申指代表心意的宴请或礼品。);
10.意见，想法。);
11.迹象，苗头。);
12.象征性的表示。<br>",1、表意图形可能会模棱两可，直到你如果确实了解其<b>意思</b>。 <br />   2、 红色在交通信号灯中的<b>意思</b>是“停止”，在西方人的眼中，红色有时还意味着“危险”。 <br />   3、 再者，用户也许不能确定打印机图片代表什么<b>意思</b>。 <br />   4、 我们的语言充满成语和习惯用语，如果没有学过，你不会明白它是什么<b>意思</b>。<br />
58,姑娘,gū niang,girl,young female person,１＜方＞（１）姑母。（２）丈夫的姐妹。<br>,1、两个<b>姑娘</b>现在定期互相通信。 <br />   2、 一个<b>姑娘</b>说：“黑人<b>姑娘</b>和白人<b>姑娘</b>不可能平等。” <br />   3、 一个很活泼的乡下<b>姑娘</b>服侍我。 <br />   4、 《灰<b>姑娘</b>》是个神话故事。<br />
59,虽然,suī rán,although,in spite of the fact that,连词，用在上半句，下半句往往有‘可是，但是’等跟它呼应，表示承认甲事为事实，但乙事并不因为甲事而不成立：现在我们～生活富裕了，但是也要注意节约｜他～工作很忙，可是对业余学习并不放松。注意文言里‘虽然’承接上文，稍微停顿，等于白话‘虽然如此’的意思。<br>,1、<b>虽然</b>我们需要考虑并处理这些目标，但不能以用户为代价。 <br />   2、 <b>虽然</b>这些图标的形状不同，但是大小、颜色和纹理是相似的。 <br />   3、 <b>虽然</b>没有以标签的方式呈现，但原理是一样的）。 <br />   4、 <b>虽然</b>用户需要撤销，但撤销并不支持其任务的特定目标。<br />
60,学生,xué sheng,student,A person who studies a particular academic subject.,＜轻＞（１）在学校读书的人。（２）向老师或前辈学习的人。（３）＜方＞男孩子。<br>,1、现在学校里男女<b>学生</b>都学烹饪。 <br />   2、 私立学校规范<b>学生</b>行为。 <br />   3、 他重视那些严守道德的<b>学生</b>。 <br />   4、 有多少<b>学生</b>报名参加考试？<br />
61,世界,shì jiè,world,cause to be,（１）自然界和人类社会的一切事物的总和：～观｜～之大，无奇不有。（２）佛教用语，指宇宙：大千～。（３）地球上所有地方：全～人民团结起来。（４）指社会的形势、风气：现在是什么～，还允许你不讲理？（５）领域；人的某种活动范围：内心～｜主观～｜科学～｜儿童～。<br>,1、在物理<b>世界</b>这是正常的，但没有理由在软件<b>世界</b>也这样。 <br />   2、 物理<b>世界</b>的存储和检索 <br />   3、 在物理<b>世界</b>中，检索系统和存储系统都是劳动密集的系统。 <br />   4、 在物理<b>世界</b>里，事物的实际位置意味着找到它的手段。<br />
62,好像,hǎo xiànɡ,seem,to appear,有些像；仿佛：他们俩一见面就～是多年的老朋友丨静悄悄的，～屋子里没有人丨他低着头不作声，～在想什么事。<br>,1、软件必须对坏数据保持高度警惕，就<b>好像</b>过境处的海关官员那样。 <br />   2、 如果不对称，界面会显得失衡，<b>好像</b>摇摇欲坠倒向一边。 <br />   3、 尽管我们一直在反复经常地使用自己个人计算机中的个人的软件，它们也<b>好像</b>不记得关于我们个人的一些事情。 <br />   4、 警告通知应该是清楚且非模态的，告知用户他们做了什么，就<b>好像</b>速度表安静地向我们报告超速。<br />
63,也许,yě xǔ,maybe,as a pro-sentence,副词，表示不很肯定：你仔细找一找，～能找到。<br>,1、再者，用户<b>也许</b>不能确定打印机图片代表什么意思。 <br />   2、 它们需要用户直接完成任务，用户<b>也许</b>并不善于这样。” <br />   3、 比如非技术背景的人<b>也许</b>会在看到数据库已经被更改而被吓住。 <br />   4、 <b>也许</b>对于服务员来说有失公平，但是那是服务行业的规则。<br />
64,发现,fā xiàn,discovery,something discovered,（１）经过研究、探索等，看到或找到前人没有看到的事物或规律。（２）发觉：我～他好象有什么心事。<br>,1、无疑可以<b>发现</b>更多，但这些足以领你入门。 <br />   2、 我们<b>发现</b>这些方法有一定的局限性，原因如下。 <br />   3、 我们<b>发现</b>，让设计者以下列几种方式参与是很重要的。 <br />   4、 近距离地观察环境有可能<b>发现</b>访谈对象没有提到的任务线索。<br />
65,多少,duō shǎo,how much,how much?,１＜轻＞疑问代词。（１）问数量：这一班有～人？｜今年收了～粮食？（２）表示不定的数量：我知道～说～｜有～人，准备～工具。<br>,1、我们或许知道用户群存在于哪个细分市场、他们的收入是<b>多少</b>、他们每周末消费<b>多少</b>钱，以及他们买什么样的车等。 <br />   2、 你见过<b>多少</b>应用程序的开始是一个充满大量问题的对话框？ <br />   3、 其实，做一个体贴的产品不比做一个粗陋的产品难<b>多少</b>。 <br />   4、 另一个替代方法也不好，即在选择算法中通过编程禁止标准列表控件的相互排斥行为。 允许用户愿意选<b>多少</b>项就单击<b>多少</b>项，并保证它们不会取消选定。<br />
66,感觉,gǎn jué,feel,transitive: to experience an emotion or other mental state about,（１）客观事物的个别特性在人脑中引起的反应，如苹果作用于我们的感官时，通过视觉可以反映它的颜色，通过味觉可以反映它的味道。感觉是最简单的心理过程，是形成各种复杂心理过程的基础。（２）发生某种感觉：一场秋雨过后就～有点冷了。（３）觉得②：他～工作还顺利。<br>,1、用户最重要的目标是始终保留自己的个人尊严，而不会<b>感觉</b>到自身愚笨。 <br />   2、 如果是一个人这样和我们打交道，我们会<b>感觉</b>到不太舒服，会<b>感觉</b>这个人有些傲慢无礼。 <br />   3、 优秀的设计让人<b>感觉</b>是一个整体，各部分平衡和谐。 <br />   4、 木匠也希望有类似的反馈，如钉子下沉的<b>感觉</b>，铁互相击打的声音，以及举起锤子的<b>感觉</b>等。<br />
67,女儿,nǚ ér,daughter,female child,女孩子（对父母而言）。<br>,
68,第二,dì èr,second,second (numeral),1.复姓。见《通志．氏族四》。<br>,1、除英语外，他还要学<b>第二</b>外语。 <br />   2、 当他们跑最后一圈时，托马斯仍位居<b>第二</b>。 <br />   3、 <b>第二</b>阶段是形而上学阶段。 <br />   4、 英国队和意大利队并列<b>第二</b>.<br />
69,一阵,yī zhèn,,,（～儿）动作或情形继续的一段时间：～掌声｜～狂风。也说一阵子。<br>,1、<b>一阵</b>清风从窗口吹来。 <br />   2、 我们<b>一阵</b>炮火打得侵略者惊惶逃窜。 <br />   3、 <b>一阵</b>大风使船倾倒。 <br />   4、 她听到这消息时内心感到<b>一阵</b>悲伤。<br />
70,面前,miàn qián,in front of,at or near the front part of,面对着的地方：在革命人民～没有克服不了的困难。<br>,1、在用户不需要时，将图标显眼地放在用户<b>面前</b>实际上表示一种公开的冒犯，就像在某人车子的挡风玻璃上粘贴广告一样。 <br />   2、 在数据输入环境中，用户在计算机屏幕<b>面前</b>输入数据一坐就是几个小时。 <br />   3、 这些任务包括打开和关闭车门、开动引擎、在红绿灯<b>面前</b>停车，为车加油及进行定期的养护。 <br />   4、 所处环境周围的建筑设计是否考虑了引导人们来到信息亭<b>面前</b>？<br />
71,之后,zhī hòu,,,（１）表示在某个时间或处所的后面：三天～我们又分手了｜文艺大队走在煤矿工人队伍～。注意：多指时间，少指处所。（２）单独用在句子头上，表示在上文所说的事情以后：～，他们又提出了具体的计划。<br>,1、用完了<b>之后</b>，程序就将这些信息扔掉。 认为一旦需要的话，就再询问用户。 <br />   2、 在你决定购买日用品<b>之后</b>，选择哪个结账口付款不重要。 <br />   3、 但是在其成为中间用户<b>之后</b>，情形就不一样了。 <br />   4、 在决定购买汽车<b>之后</b>你不会在意为其筹钱，只要物有所值。<br />
72,爸爸,bà bà,father,male parent,1.父亲。<br>,1、<b>爸爸</b>，你最着名的苹果派。 <br />   2、 也许你应该请你<b>爸爸</b>顺便开车送你去。 <br />   3、 我<b>爸爸</b>昨天买的车性能不佳。 <br />   4、 你还记得<b>爸爸</b>和我常带你<br />
73,其实,qí shí,actually,In act or in fact; really; in truth; positively,副词，表示所说的是实际情况（承上文而含转折）：这个问题从表面上看似乎很难，～并不难。<br>,1、<b>其实</b>，这两个功能的集成还可以再往前走一步。 <br />   2、 <b>其实</b>，做一个体贴的产品不比做一个粗陋的产品难多少。 <br />   3、 ((口语))假装偶然而<b>其实</b>故意地 <br />   4、 <b>其实</b>大多数错误消息框是在告诉用户程序无法灵活工作，而且是承认程序自己的愚蠢。<br />
74,希望,xī wàng,hope,to want something to happen,（１）心里想着达到某种目的或出现某种情况：他从小就～做一个医生。（２）愿望：这个～不难实现。（２）希望所寄托的对象：青少年是我们的未来，是我们的～。<br>,1、相反，我们<b>希望</b>她对于系统控制的危险能量小心翼翼，甚至心怀敬畏。 <br />   2、 它们就像保险，我们所有的人都<b>希望</b>从来不要听到。 <br />   3、 人们<b>希望</b>看到文件菜单！” <br />   4、 没有人<b>希望</b>自己使用的机器责备它。<br />
75,咱们,zán men,we,the speaker(s) and the listener(s) (inclusive we: you and I),代词。（１）总称己方（我或我们）和对方（你或你们）：～是一家人｜你来得正好，～商量一下。注意：包括谈话的对方用‘咱们’，不包括谈话的对方用‘我们’，如：我们明天参加义务劳动，你要是没事，～一块儿去。不过说‘我们’也可以包括谈话的对方。（２）借指我或你：～是个大老粗，说话不会曲里拐弯（指我）｜～别哭，妈妈出去就回来（对小孩儿说，指你）。<br>,"1、<b>咱们</b>四个人（两对男女）一起下饭馆吧. <br />   2、 天气真好--<b>咱们</b>去野餐游玩吧. <br />   3、 <b>咱们</b>到汽车修配厂去看看吧。 <br />   4、 <b>咱们</b>暂停（会议）, 明天接着开.<br />"
76,非常,fēi cháng,very,to a high degree,（１）异乎寻常的；特殊的：～时期｜～会议。（２）十分；极：～光荣｜～高兴｜～努力｜他～会说话。<br>,1、重大改变必须是<b>非常</b>好的改变。 <br />   2、 因为易于操作，所以单次撤销<b>非常</b>有效。 <br />   3、 作为一个交互设计师，最好能想像一下用户——尤其是新手——<b>非常</b>聪明并且<b>非常</b>忙。 <br />   4、 数字产品往往假设人们<b>非常</b>了解技术，<br />
77,完全,wán quán,complete,with everything included,（１）齐全；不缺少什么：话还没说～｜四肢～。（２）全部：～同意｜～正确。<br>,1、这时，为需要的人提供一个单独的房间是<b>完全</b>恰当的。 <br />   2、 不过，级联菜单也并非<b>完全</b>无用。 <br />   3、 现在，程序的显示区<b>完全</b>处于这种工具的模态中。 <br />   4、 每次你付的租金数量是<b>完全</b>相同的！<br />
78,公司,ɡōnɡ sī,company,"A commercial association of two or more persons, especially when incorporated.",一种工商业组织，经营产品的生产、商品流转或某些建设事业等。<br>,1、很多<b>公司</b>开始重视如何使产品满足用户的需求，并投入时间和资金来进行前期设计。 <br />   2、 有时某个产品的一系列人物角色是同一个家庭或者同一个<b>公司</b>的一部分，他们之间有人际关系和社会关系。 <br />   3、 例如，在小<b>公司</b>职责范围较广，工作人员之间有更多的接触。 而在较大的<b>公司</b>，分工非常细致，往往有层层的组织机构。 这样的环境变量如下 <br />   4、 当一个<b>公司</b>决定出售多种软件产品时，该<b>公司</b>决定所有产品在用户界面角度必须完全一致，这时使用标准和指导准则将遇到特殊挑战。<br />
79,然而,rán ér,although,but,连词，用在句子的开头，表示转折：他搞技术革新失败多次，～并不灰心。<br>,1、行动的部分非常好，<b>然而</b>等待的部分应该到此为止了。 <br />   2、 <b>然而</b>，用户将其文档想像成书架上的书。 <br />   3、 <b>然而</b>从界面姿态的角度来看，电话也是暂时姿态的。 <br />   4、 <b>然而</b>，很容易避免在一个对话框中有35个按钮。<br />
80,学校,xué xiào,school,college or university,专门进行教育的机构。<br>,1、私立<b>学校</b>规范学生行为。 <br />   2、 现在<b>学校</b>里男女学生都学烹饪。 <br />   3、 从<b>学校</b>穿过大街就是图书馆。 <br />   4、 在网站开始高速发展的初期，大批的人涌入这一行业，包括从设计<b>学校</b>来的新毕业生、传统的图形设计者，以及一些对网站激动不已并认为有利可图的充满热情的年轻人。<br />
81,忽然,hū rán,suddenly,all at once,副词，表示来得迅速而又出乎意料；突然：他正要出去，～下起大雨来了。<br>,1、国王还没有吃上一口，<b>忽然</b>大笑起来。 <br />   2、 <b>忽然</b>，鼹鼠蹦蹦跳跳地进来了，显得很开心。 <br />   3、 种种表演<b>忽然</b>停止，正如它们<b>忽然</b>开始一样。 <br />   4、 毕蒂<b>忽然</b>欢天喜地地嚷了起来：“今天是我结婚的日子。”<br />
82,年轻,nián qīng,young,in the early part of life or growth,年纪不大（多指十几岁至二十几岁）：～人｜～力壮。<br>,1、他虽然很<b>年轻</b>，却善于做农活。 <br />   2、 他只有二十四岁，成家太<b>年轻</b>了。 <br />   3、 在网站开始高速发展的初期，大批的人涌入这一行业，包括从设计学校来的新毕业生、传统的图形设计者，以及一些对网站激动不已并认为有利可图的充满热情的<b>年轻</b>人。 <br />   4、 学生们显示出<b>年轻</b>人的活力。<br />
83,老板,lǎo bǎn,boss,person in charge,（１）私营工商业的财产所有者；掌柜的。（２）＜方＞旧时对著名京剧演员或组织戏班的京剧演员的尊称。<br>,1、如果一个用户需要用有趣的标题及优美的格式，有着多个分栏和多种字体的文档来取悦他的<b>老板</b>，他就会有强烈的动机来探索程序的秘密。 <br />   2、 <b>老板</b>马上接受了这个报价。 <br />   3、 你跟<b>老板</b>合得来吗? <br />   4、 如果我们是<b>老板</b>，就会考虑解雇这种小题大做且固执伪善的小职员。<br />
84,怎样,zěn yàng,how,in what manner,疑问代词。（１）询问性质、状况、方式等：你们的话剧排得～了？｜步兵和炮兵～配合作战？（２）泛指性质、状况或方式：要经常进行阶级教育，想想从前～，再看看现在～。‖也说怎么样。<br>,1、而不是“我<b>怎样</b>把这个单元格设置成100%的底纹？” <br />   2、 <b>怎样</b>写句子取决于主人公做了什么，以及作者想要创造什么样的效果。 <br />   3、 如果你在没有理解“是什么”的时候，就直接进入了“<b>怎样</b>？” 你会假设这个工具的输出是报告。 <br />   4、 如果程序可以在主界面中用虚线向导直接显示可打印区域会<b>怎样</b>呢？<br />
85,仿佛,fǎng fú,as if,in mimicry of,（１）似乎；好象：他干起活来～不知道什么是疲倦。（２）象；类似：他的模样还和十年前相～。<br>,1、我们可以向她展示程序，向她解释程序如何允许她在文档上工作。 并且一旦完成，她可以在磁盘中存储文档，<b>仿佛</b>文档是书架上的杂志一样。 <br />   2、 收获期一过农庄就<b>仿佛</b>入睡了。 <br />   3、 巴比康看到地势越升越高，<b>仿佛</b>非常满意。 <br />   4、 他<b>仿佛</b>挺生气：面孔通红，脸颊火热。<br />
86,十分,shí fēn,completely,in a complete manner,副词，很：天气～热。<br>,1、当然，也一定存在着<b>十分</b>紧急的情况，需要以一种突然且吸引注意力的方式来通知使用者。 <br />   2、 在设计过程中考虑商业目标、技术要求与局限<b>十分</b>重要，并不是说设计师必须对涉众和程序员言听计从。 <br />   3、 大多数非模态对话框实现得很笨拙，它们的行为很不一致，令人<b>十分</b>困惑。 <br />   4、 程序员们应当<b>十分</b>熟悉简约的概念，他们知道好算法往往更简短且更清楚。<br />
87,关系,guān xì,relationship,connection or association,＜轻＞（１）事物之间相互作用、相互影响的状态：正确处理政治和业务的～｜这个电门跟那盏灯没有～。（２）人和人或人和事物之间的某种性质的联系：同志～｜军民～｜社会～。（３）对有关事物的影响或重要性，值得注意的地方（常跟‘没有、有’连用）：这一点很有～｜没有～，修理修理照样儿能用。（４）泛指原因条件等：由于时间～，暂时谈到这里为止。（５）表明有某种组织关系的证件：随身带上团的～。（６）关联；牵涉。<br>,1、【访谈利益<b>关系</b>人】 <br />   2、 显示因果<b>关系</b> <br />   3、 人物角色之间的<b>关系</b> <br />   4、 大多数人对业务<b>关系</b>和家庭<b>关系</b>中的层次非常熟悉，但是大多数人在存储或者检索信息时，层次<b>关系</b>并不是一个自然概念。<br />
88,高兴,gāo xìng,happy,"enjoying peace, comfort, etc.; contented, joyous",（１）愉快而兴奋。（２）带着愉快的情绪去做某件事；喜欢：我～看电影，不去看戏了。<br>,1、他们知道信息是不完整的，有时还是错误的，甚至知道有时需要加速处理数据以便让顾客<b>高兴</b>。 <br />   2、 不是因为你没听到用户的抱怨，就意味着他们很<b>高兴</b>收到错误消息。 <br />   3、 一个悲哀的事实是，数字技术产业没有很好地理解怎样做才能让用户<b>高兴</b>， <br />   4、 即如果我们设计的产品能够让用户达到目标，他们就会感到满意、有效率，并且<b>高兴</b>。还会乐于购买这一产品，并且推荐给他人。<br />
89,回答,huí dá,answer,response,对问题给予解释；对要求表示意见：～不出来｜满意的～。<br>,1、程序应该悄悄、有效并聪明地采取行动。 而不应强迫用户<b>回答</b>诸如“你确定你就要一个副本？” <br />   2、 你无辜地<b>回答</b>：“没有。” <br />   3、 人物角色帮助<b>回答</b>了以下问题：“产品应该是什么样的？” <br />   4、 如果<b>回答</b>不够清晰，那么可以回头看看你的人物角色们和场景剧本，这样可更好地了解理想的使用情境和环境。<br />
90,听见,tīng jiàn,hear,to perceive with the ear,＜轻＞听到：听得见｜听不见｜～打雷的声音。<br>,"1、""妈妈，对不起，刚才没<b>听见</b>。"" <br />   2、 哈哈！幸亏被我一个人偶然<b>听见</b>。 <br />   3、 他刚醒来就<b>听见</b>有人敲门。 <br />   4、 昨晚我<b>听见</b>一个奇怪的响声。<br />"
91,几乎,jī hū,almost,very close to,（１）将近于；接近于：今天到会的～有五千人。（２）差点儿②：不是你提醒我，我～忘了｜两条腿一软，～摔倒。也说几几乎。<br>,1、毫无疑问，你已经发现<b>几乎</b>所有的对话框实际上都是暂时式应用程序。 <br />   2、 对用户来说，产品实现目标并只受到最小的侵扰<b>几乎</b>是魔术般的。 <br />   3、 这样很好，因为靠观察来了解鼠标如何工作<b>几乎</b>是不可能的。 <br />   4、 如果设计得当，这些对话框<b>几乎</b>可以完全消除。<br />
92,女孩,nǚ hái,girl,a girl,1.父母所生的女性孩子。<br>,1、她是一个好<b>女孩</b>。 <br />   2、 一个<b>女孩</b>在深夜大声呼救。 <br />   3、 那个<b>女孩</b>是学生吗？ 不，她不是。 <br />   4、 “我听了这话很难受，”<b>女孩</b>子说。<br />
93,终于,zhōng yú,eventually,in the end,（１）副词，表示经过种种变化或等待之后出现的情况：试验～成功了｜她多次想说，但～没说出口。（２）毕竟；终究。<br>,"1、他当演员的梦想<b>终于</b>实现了。 <br />   2、 耽搁多时之后,调查结果<b>终于</b>公布了。 <br />   3、 他<b>终于</b>决定采取合作的态度。 <br />   4、 他很高兴他<b>终于</b>获得了解脱。<br />"
94,准备,zhǔn bèi,prepare,to make ready for a specific future purpose,（１）预先安排或筹划：精神～｜～发言提纲｜～一个空箱子放书。（２）打算：春节我～回家｜昨天我本来～去看你，因为临时有事没去成。<br>,1、现在我们<b>准备</b>开始设计。 <br />   2、 当他们<b>准备</b>好接受可能的结果时，会试探性地使用这些控件。 <br />   3、 针对设计领域，<b>准备</b>一些访谈中必须涉及的标准化问题也有一定的帮助。 <br />   4、 现在我们<b>准备</b>开始勾画出大致的界面，最初阶段，界面的视觉化工作应该极其简单。<br />
95,主任,zhǔ rèn,supervisor,supervisor or superior,职位名称，一个部门或机构的主要负责人：办公室～｜车间～｜～委员（委员会的负责人）。<br>,1、论功行赏，我被升为华盛顿哥伦比亚特区的地区营业<b>主任</b>。 <br />   2、 西莉亚招聘了一名管理<b>主任</b>，名叫奈杰尔·本特利。 <br />   3、 现任<b>主任</b>掌权多久了? <br />   4、 值班<b>主任</b>轻轻地说道。<br />
96,衣服,yī fu,clothes,apparel,＜轻＞穿在身上遮蔽身体和御寒的东西。<br>,"1、睡觉时，我脱去<b>衣服</b>，换上睡衣。 <br />   2、 你把<b>衣服</b>整理好了，准备出发。 <br />   3、 一堆脏<b>衣服</b>放在洗衣机旁边。 <br />   4、 <b>衣服</b>乱成一团, 堆放在角落里.<br />"
97,甚至,shèn zhì,go so far as,do something in an extreme fashion,连词，提出突出的事例（有更进一层的意思）：大院里四十多岁～六十多岁的老年人也参加了读报小组。也说甚至于或甚而至于。<br>,1、相反，我们希望她对于系统控制的危险能量小心翼翼，<b>甚至</b>心怀敬畏。 <br />   2、 顺序很重要，有时<b>甚至</b>连大小写问题也不例外。 <br />   3、 设计不佳，<b>甚至</b>没有经过设计的产品看起来像是不同零件偶然拼合在一起。 <br />   4、 用户<b>甚至</b>无须经过思考，很快就可以把它们联系起来。<br />
98,需要,xū yào,need,in want of,（１）应该有或必须有：我们～有一支强大的科学技术队伍。（２）对事物的欲望或要求：从群众的～出发。<br>,1、有两个组成部分<b>需要</b>考虑。 <br />   2、 有时是<b>需要</b>独占姿态的。 <br />   3、 永久的中间用户<b>需要</b>什么 <br />   4、 新手<b>需要</b>什么<br />
99,离开,lí kāi,leave,To go away from a place.,跟人、物或地方分开：离得开｜离不开｜鱼～了水就不能活｜他已经～北京了。<br>,1、数字不应该<b>离开</b>，它们应该与显示内容有关，而不是显示的内容本身。 <br />   2、 在现实生活中，当我们<b>离开</b>房间时不会考虑放弃所有做出的改变。 <br />   3、 而当时在所有其他的基于菜单的程序中，如果使用者要在菜单中选择，都被迫<b>离开</b>工作屏幕。 <br />   4、 打字者不喜欢让任何事物迫使他们的手<b>离开</b>键盘上的基准位置，因为这需要肌肉群之间的转换。<br />
100,情况,qíng kuàng,situation,position vis-à-vis surroundings,（１）情形：思想～｜工作～。（２）军事上的变化：这两天前线没有什么～。<br>,1、当然，暂时式应用程序也存在一些少见的例外<b>情况</b>，即不止一个主题，但这种<b>情况</b>很少。 <br />   2、 想像一下图10-7中的<b>情况</b>。 <br />   3、 边缘<b>情况</b>设计 <br />   4、 从逻辑上说，后面这种<b>情况</b>有些问题。<br />
101,清楚,qīng chu,obscure,"dark, faint or indistinct",＜轻＞（１）事物容易让人了解、辩认：字迹～｜话说得不～｜把工作交代～。（２）对事物了解很透彻：头脑～。（３）了解：这件事的经过他很～｜这个问题你～不～？<br>,1、总之，你需要为受范区域提供更<b>清楚</b>的视觉暗示。 <br />   2、 它礼貌而<b>清楚</b>地为用户说明问题，并提出解决问题的好建议，操作按钮和产生的结果也描述得很<b>清楚</b>。 <br />   3、 这些原始数据尽管很精确，但没有说<b>清楚</b>这些情况。 <br />   4、 程序员们应当十分熟悉简约的概念，他们知道好算法往往更简短且更<b>清楚</b>。<br />
102,门口,mén kǒu,doorway,passage of a door,（～儿）门跟前：学校～。<br>,1、我到达的时候，他正站在<b>门口</b>。 <br />   2、 他心神不宁地慢慢向<b>门口</b>倒退，恨不得一下子化为乌有。 <br />   3、 拉斯来到<b>门口</b>，脸上略露笑意。 <br />   4、 他约定在剧院<b>门口</b>和我们碰头。<br />
103,领导,lǐnɡ dǎo,leader,one having authority,（１）率领并引导朝一定方向前进：～权｜集体～｜中国共产党～中国人民由一个胜利走向另一个胜利。（２）担任领导的人；领导者：～和群众相结合。<br>,1、这个游戏在主界面中提供了许多丰富视觉非模态反馈的例子，它描述的是一幅历史世界的图景。 你作为进化的文明社会<b>领导</b>人，可以进行建设和征服。 <br />   2、 果断是<b>领导</b>者必备的素质。 <br />   3、 最终，工具栏有可能作为一种主要的习惯用法，成为在独占式应用中调用命令的<b>领导</b>者。 <br />   4、 似应由学校<b>领导</b>处理。<br />
104,相信,xiāng xìn,believe,to accept that someone is telling the truth (object: person),认为正确或确实而不怀疑：我～他们的试验一定会成功。<br>,1、我们应该<b>相信</b>谁呢？ <br />   2、 用户不<b>相信</b>，或者至少不愿<b>相信</b>他们会犯错误，这是用户心理模型通常不包含错误的另外一种说法。 <br />   3、 在我们的想像中，用户可以脱离麻烦，因为我们<b>相信</b>错误消息框可以指引他们。 <br />   4、 许多程序员<b>相信</b>，如果用户在输入数据时犯了错误，就有责任通知他们。<br />
105,同学,tóng xué,classmate,Someone who is in the same class (in school).,１（１）在同一个学校学习的人。（２）称呼学生：～，请问你到体育场怎么走？<br>,1、接着，小<b>同学</b>们齐声背诵课文。 <br />   2、 她好在朋友和<b>同学</b>面前逞强。 <br />   3、 他向全班<b>同学</b>发出邀请，参加晚会。 <br />   4、 她做作业比她的<b>同学</b>更仔细。<br />
106,任何,rèn hé,any,at least one (kind),不论什么：我们能够战胜～困难。<br>,1、<b>任何</b>大的任务，诸如开车前往办公室，涉及很多较小的任务。 <br />   2、 我们不能从本能和直觉中获得<b>任何</b>帮助，只能依靠经验。 <br />   3、 这些选择从用户大脑转移到了屏幕上，不需要进行<b>任何</b>记忆。 <br />   4、 通常，<b>任何</b>一个命令启动10次，可能才设置1次。<br />
107,办法,bàn fǎ,way,method,处理事情或解决问题的方法。<br>,1、她那种经常用来威胁的公开宣传多少还可以想<b>办法</b>克服。 <br />   2、 接下来的交互动作产生的另一个对话框或者应用程序可以遮盖这个对话框，但应该有明显的<b>办法</b>使其返回到最上层。 <br />   3、 还有一种<b>办法</b>，他可能会到地址目录中查找。 <br />   4、 我拿他没<b>办法</b>，他拿我也没<b>办法</b>。<br />
108,口气,kǒu qì,breathe,"breathe, or attitude",＜轻＞（１）说话的气势：他的～真不小。（２）言外之意；口风：听他的～，好象对这项任务满有把握。（３）说话时流露出来的感情色彩：严肃的～｜诙谐的～｜埋怨的～。<br>,"1、亨利艾塔近来采取了无可奈何的单纯<b>口气</b>，变得宽宏大量了。 <br />   2、 请他人过目你的信，审核一下准确性和<b>口气</b>。 <br />   3、 读完女儿的来信,怀特太太宽慰地松了<b>口气</b>。 <br />   4、 呵！我算是舒了<b>口气</b>，这<b>口气</b>差点没把我憋死。<br />"
109,身体,shēn tǐ,body,The physical structure of a human or animal.,一个人或一个动物的生理组织的整体，有时专指躯干和四肢。<br>,1、他今天<b>身体</b>反而比较弱一点。 <br />   2、 类似地，还有其他一些产品，特别是某些偶尔或临时才会使用，或者为<b>身体</b>行动不便的人使用的产品，必须为新手进行优化。 <br />   3、 健康 [<b>身体</b>] 检查 <br />   4、 他们的眼睛注视着自己的工作，<b>身体</b>语言是专注和一心一意的；当人们没有专注时，他看上去是松散的样子，其姿态是开放和移动的，他们的眼睛在提问并且希望进行视线的交流。<br />
110,愿意,yuàn yì,want,To have a strong desire for something.,＜轻＞（１）认为符合自己心愿而同意（做某事）：送你去学习，你～不～？（２）希望（发生某种情况）：他们～你留在这里。<br>,1、这时，用户<b>愿意</b>花一些精力来学习。 <br />   2、 没有人<b>愿意</b>停留在新手级别。 <br />   3、 对于<b>愿意</b>学习命令行界面的任何用户来说，自动合格地成为超级用户。 <br />   4、 这个原则只不过是说，人们<b>愿意</b>为更有价值的事物努力工作。<br />
111,精神,jīng shén,spirit,the soul of a person or other living being,１（１）指人的意识、思维活动和一般心理状态：～面貌｜～上的负担。（２）宗旨；主要的意义：领会文件的～。<br>,1、一位医生证明他<b>精神</b>不正常。 <br />   2、 好书可以丰富人的<b>精神</b>生活。 <br />   3、 用共产主义<b>精神</b>培养青年人 <br />   4、 打起<b>精神</b>来，比利，打起<b>精神</b>来。<br />
112,丈夫,zhàng fū,husband,The male partner in a marriage.,１成年男子：大～｜～气。<br>,1、妒忌的（或爱吃醋的）妻子（<b>丈夫</b>） <br />   2、 <b>丈夫</b>一死，她就致力于女子高等教育。 <br />   3、 她<b>丈夫</b>是射箭教练。 <br />   4、 多萝西娅已经懂得观察<b>丈夫</b>的脸色。<br />
113,哪里,nǎ li,where,at or in which place,（１）问什么处所：你住在～？｜这话你是从～听来的？（２）泛指任何处所：我国的农村和城市，无论～，都是一片欣欣向荣的新气象｜她走到～，就把好事做到～。（３）用于反问句，表示意在否定：这样美好的生活，～是解放前所能梦想到的？（＝不是…）｜～知道刚走出七八里地，天就下起雨来了？（＝不料…）（４）谦词，用来婉转地推辞对自己的褒奖：‘你这篇文章写得真好！’‘～，～！’<br>,1、，或者“这个方案好在<b>哪里</b>？” <br />   2、 它们不仅帮助用户弄清楚他们可以去<b>哪里</b>，而且也帮助用户定位自己的位置。 让网站的每个页面看起来都差不多可能对营销有吸引力，但如果太相似了，就会引起混乱。 <br />   3、 太多相连的窗格会产生视觉混乱和困惑，即用户不知道到<b>哪里</b>查找所需要的内容。 <br />   4、 记住我们把它放在<b>哪里</b>——它的位置——对于找到它，以及放好它便于第2次发现都至关重要。<br />
114,对于,duì yú,about,concerning,介词，引进对象或事物的关系者：我们～公共财产，无论大小，都应该爱惜｜他～革命事业十分忠诚｜大家～这个问题的意见是一致的。<br>,1、<b>对于</b>新用户来说，好处是显而易见的。 <br />   2、 <b>对于</b>有界输入要使用有界控件。 <br />   3、 <b>对于</b>数据密集的任务，键盘比鼠标要好。 <br />   4、 <b>对于</b>她来说，这个问题太荒谬了。<br />
115,社会,shè huì,society,group of people sharing culture,（１）指由一定的经济基础和上层建筑构成的整体。也叫社会形态。原始共产主义社会、奴隶社会、封建社会、资本主义社会、共产主义社会是人类社会的五种基本形态。（２）泛指由于共同物质条件而互相联系起来的人群。<br>,1、目标在于理解人们与个体产品交互时的行为和习惯，而不是理解整个文化的行为和<b>社会</b>礼仪。 <br />   2、 有时某个产品的一系列人物角色是同一个家庭或者同一个公司的一部分，他们之间有人际关系和<b>社会</b>关系。 <br />   3、 在自然科学和<b>社会</b>科学中，通过有效的抽象来表达复杂的现象。 <br />   4、 同样，记录所在的字段可能是一个名字或者一个<b>社会</b>保险号码，但是它不可能既是一个名字，又是一个<b>社会</b>保险号码。<br />
116,如何,rú hé,how,in what manner,不管怎么样，表示不管条件怎样变化，其结果始终不变：这周的义务劳动我～得参加。<br>,1、用户的行为<b>如何</b>？ <br />   2、 那么<b>如何</b>解决呢？ <br />   3、 <b>如何</b>持握该设备？ <br />   4、 关于软件<b>如何</b>工作的模型称为“实现模型”；用户<b>如何</b>感觉到要做的操作，以及软件<b>如何</b>帮助用户来完成这些操作，则是和软件交互过程中用户的心理模型。<br />
117,或者,huò zhě,or,conjunction,（１）或许；也许：你快走，～还赶得上车。（２）连词，用在叙述句里，表示选择关系：～把老虎打死，～被老虎吃掉，二者必居其一。<br>,1、，<b>或者</b>“这个方案好在哪里？” <br />   2、 于是他们创作的界面<b>或者</b>是摆满了办公桌、文件夹、电话和参考书的办公室，<b>或者</b>是像一沓纸<b>或者</b>一条布满各式建筑的街道。 <br />   3、 如果下一个功能是新建数据<b>或者</b>对象，<b>或者</b>粘贴数据<b>或者</b>对象（通过键盘输入或粘贴命令），则将加入已经选中的对象。 <br />   4、 只有一本杂志，<b>或者</b>在书架上，<b>或者</b>在用户的手中。<br />
118,如此,rú cǐ,thus,in this way or manner,这样：～勇敢｜理当～｜事已～，后悔也是枉然。<br>,1、当然，逻辑设置也同样<b>如此</b>。 <br />   2、 为何这些产品<b>如此</b>糟糕 <br />   3、 <b>如此</b>层次的细节毫无用处，还会把用户的注意力从数据和控件上分散开。 <br />   4、 它的行为是<b>如此</b>出乎意料，会让人很不安（以致使人生气）。<br />
119,特别,tè bié,especially,particularly,（１）与众不同；不普通：～的式样｜他的脾气很～。（２）格外：火车跑得～快｜这个节目～吸引观众。（３）特地：散会的时候，厂长～把他留下来研究技术上的问题。<br>,1、<b>特别</b>是在过去没有计算机的图书馆，这些都是一成不变的。 <br />   2、 比如清空数据库、配置，以及其他<b>特别</b>的请求等都属于这个类别。 <br />   3、 对话框（<b>特别</b>是确认对话框）是提问，工具栏是提供选择。 <br />   4、 可用性在以下方面的测试<b>特别</b>有效。<br />
120,认为,rèn wéi,think,be of the opinion that,对人或事物确定某种看法，做出某种判断：我～他可能担任这项工作。<br>,1、不要把你正在设计的产品<b>认为</b>是计算机 <br />   2、 软件<b>认为</b>，一个数字字段必须包含一个数字——数据完整性告诉它这些。 <br />   3、 人们经常<b>认为</b>工具栏是菜单的加速版本，相似之处很难免。 <br />   4、 我们<b>认为</b>，任务分析应当同人种学用户访谈结合使用。<br />
121,干部,gàn bù,cadre,core of managing group,（１）国家机关、军队、人民团体中的公职人员（士兵、勤杂人员除外）。（２）指担任一定的领导工作或管理工作的人员：工会～｜公社～。<br>,"1、新老<b>干部</b>相互学习, 相互激励。 <br />   2、 <b>干部</b>要能上能下。 <br />   3、 他是个不负责任的<b>干部</b>。 <br />   4、 <b>干部</b>不能脱离群众。<br />"
122,认识,rèn shi,know,be acquainted or familiar with,＜轻＞（１）能够确定某一人或事物是这个人或事物而不是别的：我～他｜他不～这种草药。（２）指人头脑对客观世界的反映：感性～｜理性～。<br>,1、之所以<b>认识</b>，是因为我们见过他，并自然而然（容易地）地记住了他。 <br />   2、 一个有许多特点和功能的复杂程序应该有一个参考文档，希望拓宽产品<b>认识</b>视野的用户能够在这里找到答案。 <br />   3、 到目前为止，你应该感觉到你的人物角色看起来非常像你所<b>认识</b>的真实的人，人物角色构造的最后一步完成了将你的定性研究变为强有力的设计工具的过程。 <br />   4、 他们还必须深刻地了解产品所属的复杂的领域，必须平衡好竞争的优先次序。 必须理解所用科技的约束和机会，还要对这个项目的商业环境有清楚的<b>认识</b>。<br />
123,到底,dào dǐ,after all,in the long run,１副词。（１）表示经过种种变化以后最后实现的情况：新方法～试验成功了。（２）用在问句里，表示深究：你跟他们～有什么关系？（３）毕竟：～还是年轻人干劲大。<br>,1、<b>到底</b>是谁的错 <br />   2、 那么问题<b>到底</b>是什么呢？ <br />   3、 很多人都难以想像1.2英寸的左边距<b>到底</b>有多大，这个打印预览的功能很好地将它展现出来。 <br />   4、 它几乎同时出现在许多程序中，没人能够说清<b>到底</b>是谁首先发明了它。<br />
124,北京,běi jīnɡ,Beijing,capital of China,"1.指建康。即今南京市。南朝宋都建康，位在当时疆土之北，因谓之北京。);
2.指京口。在今江苏镇江市。京口是南朝宋的发祥地，文帝又生于其地，因称之为北京。);
3.指平城。在今山西大同市东北。北魏于太和十九年自平城南迁都洛阳，因称旧都平城为北京。);
4.指太原府。在今山西太原市西南晋源镇。唐和五代的唐﹑晋﹑汉都发祥于此，因谓之北京。);
5.指大名府。今河北大名县。因宋真宗曾经驻跸于此。);
6.金天眷元年改辽上京临潢府为北京。故址在今内蒙古巴林左旗波罗城。见《金史．熙宗纪》。);
7.金贞元元年迁新都于中都大兴府(今北京市)，以旧都中京大定府在新都之北，改称北京。故址即今内蒙古宁城县西北大明城。见《金史．海陵纪》。);
8.明初指开封府。即今河南开封市。);
9.明永乐元年，成祖将他做燕王时的封地北平府改为顺天府，建北京，即今北京市。永乐十九年，自应天(今江苏南京市)迁都顺天，改北京为京师。洪熙元年，拟还都应天，复改京师为北京。正统六年，定北京为国都，又改称京师。历清直至辛亥革命后，相沿不改。但习惯上自明永乐以后都称北京。参见""北京市""。<br>",1、<b>北京</b>是一个典型的中国城市。 <br />   2、 1980年高考后，他进了<b>北京</b>大学。 <br />   3、 这是<b>北京</b>颐和园的平面图。 <br />   4、 <b>北京</b>上海是中国的两大城市。<br />
125,仍然,réng rán,still,remain as before,副词，表示情况继续不变或恢复原状：他～保持着老红军艰苦奋斗的作风｜他把信看完，～装在信封里。<br>,1、尽管书中的例子有些古老，但是其中原则在今天<b>仍然</b>非常适用。 <br />   2、 但是，我们<b>仍然</b>使用相同的隐喻和检索模型管理我们的数据。 <br />   3、 但是在根本上，仅仅有这些<b>仍然</b>是不够的。 <br />   4、 然而我们<b>仍然</b>能够做很多工作来使工具的选择和操作简单，并避免其破坏流。<br />
126,同志,tóng zhì,comrade,title used by a Communist regime,（１）为共同的理想、事业而奋斗的人，特指同一个政党的成员。（２）我国人民之间的称呼。<br>,"1、杨<b>同志</b>将暂时负责那项工作。 <br />   2、 由于<b>同志</b>们的帮助, 他进步很快。 <br />   3、 经过<b>同志</b>们再三劝导，他终于想通了。 <br />   4、 刘<b>同志</b>出去了，我留下了一张名片。<br />"
127,吃饭,chī fàn,eat,eat a meal,泛指生活或生存：靠打猎～（以打猎为生）。<br>,1、洗完衣服他们现在准备<b>吃饭</b>。 <br />   2、 <b>吃饭</b>了! <br />   3、 十二点通常是<b>吃饭</b>的时间。 <br />   4、 看菜<b>吃饭</b>，量体裁衣。<br />
128,立刻,lì kè,immediately,at any time,副词，表示紧接着某个时候；马上：请大家～到会议室去｜同学们听到这句话，～鼓起掌来。<br>,1、桌子上<b>立刻</b>堆起了一堆东西。 <br />   2、 你可以点击并拖放某个停靠的工具栏，一离开程序边界它<b>立刻</b>变成了一个悬浮调色板（也称为“调色板窗口”）即成为一个非模态对话框。 <br />   3、 如果程序不能理解输入的数据，它可以保持沉默。 用户就会<b>立刻</b>知道问题，在不尴尬或伤害自尊的情况下改正输入。 <br />   4、 屋影下<b>立刻</b>走出一个人。<br />
129,刚才,gāng cái,just,recently,指刚过去不久的时间：他把～的事儿忘了｜他～在车间劳动，这会儿开会去了。<br>,"1、""妈妈，对不起，<b>刚才</b>没听见。"" <br />   2、 再回到<b>刚才</b>那个女销售员的例子中，她给每一个潜在用户都发过建议书，每份建议书都不同，并且会根据相关客户进行分组。 <br />   3、 他<b>刚才</b>把这本书放在书架上。 <br />   4、 对不起, 我<b>刚才</b>不该对你嚷嚷.<br />"
130,老婆,lǎo po,wife,married woman,＜轻＞＜口＞妻子。<br>,1、他的<b>老婆</b>牵着他的鼻子走。 <br />   2、 即使在这样的堡垒里，不幸的瑞普到底还是被他那凶悍的<b>老婆</b>赶出来了。 <br />   3、 我和我<b>老婆</b>关系不好。 <br />   4、 我的<b>老婆</b>真令我苦恼。<br />
131,容易,róng yì,easy,requiring little skill or effort,（１）做起来不费事的：写简化字比繁体字～得多｜这篇文章写得很通俗，～看。（２）发生某种变化的可能性大：～生病｜～退色｜这种麦子不～倒状。<br>,1、最终，围绕故事设计出的体验用户更<b>容易</b>理解，也更<b>容易</b>投入，因为这些体验是以某个故事为结构建立起来的。 <br />   2、 对你的用户需要什么不做任何假设是<b>容易</b>的，更<b>容易</b>的是问一堆问题来帮助我们决定用户需要什么？ <br />   3、 用户和顾客很<b>容易</b>混淆，对于消费类产品来说，顾客通常就是用户。 <br />   4、 这个操作相当自然，也<b>容易</b>学习。<br />
132,汽车,qì chē,car,"A four-wheeled motor vehicle used for land transport, usually propelled by a gasoline or diesel internal combustion engine.",用内燃机做动力，主要在公路上或马路上行驶的交通工具，通常有四个或四个以上的橡胶轮胎。用来运载人或货物。<br>,1、<b>汽车</b>界面，尤其是那些提供复杂导航和娱乐（远程信息处理）功能的<b>汽车</b>，在保证驾驶员安全方面都有着特殊的挑战。 <br />   2、 例如，我们曾把火车头称为“铁马”，把<b>汽车</b>称为“无马的马车”。 <br />   3、 直接操作<b>汽车</b>方向盘不仅是最合适的习惯用法，它也让用户感觉自己处于优越的位置，引导自己的<b>汽车</b>去目的地。 <br />   4、 支付<b>汽车</b>贷款也是这样。<br />
133,无法,wú fǎ,uncapable,not capable,没有办法：这问题是难处理，但还不是～解决。<br>,1、很不幸，低劣的产品规划让数码产品惹人生气，效率低下，<b>无法</b>满足用户需要。 <br />   2、 为什么在技术行业中通常<b>无法</b>设计出好的数字产品的交互部分呢？ <br />   3、 对于错误消息框，它最后的讽刺是它们<b>无法</b>阻止用户犯错误。 <br />   4、 当我们单击撤销按钮时，我们也<b>无法</b>确认什么事将发生。<br />
134,永远,yǒng yuǎn,eternity,time extending infinitely far into the future,副词，表示时间长久，没有终止：～跟着共产党走。<br>,1、没人希望自己<b>永远</b>是新手，它只不过是每个人必须经历的一段过程。 <br />   2、 即使对超级用户来说，这种设置也是烦琐的过程，许多用户<b>永远</b>不会理解如何定制他们喜欢的默认值。 <br />   3、 所以它不能替代交互设计，<b>永远</b>也不可能是产生人见人爱产品的伟大思想的源泉。 <br />   4、 虽然我们发现，这一想法在一些资深设计师身上的确适用，但模式<b>永远</b>不可能脱离应用背景，像饼干模具一样机械地拼凑使用。<br />
135,并且,bìng qiě,besides,moreover; furthermore,连词。（１）用在两个动词或动词性的词组之间，表示两个动作同时或先后进行：会上热烈讨论～一致通过了这个生产计划。（２）用在复合句后一半里，表示更进一层的意思：她被评为先进生产者，～出席了劳动模范大会。<br>,1、二者不是一回事，<b>并且</b>用途也不同。 <br />   2、 软件也应该观察我们的偏好，<b>并且</b>自觉地记住它们。 <br />   3、 理解任务是重要的，<b>并且</b>任务必须仔细记录。 <br />   4、 不要用太多的颜色，<b>并且</b>使用这些颜色时要保守。<br />
136,痛苦,tòng kǔ,pain,painfjul,身体或精神感到非常难受。<br>,1、哎呀，多<b>痛苦</b>啊！ <br />   2、 事实上，对于不太灵活的用户来说双击是困难的——一些人感到<b>痛苦</b>，少数人根本做不到——这种现状在很大程度上被忽视了。 <br />   3、 过多的选择很快就丧失了它的优势，而成为一种<b>痛苦</b>的经验。 <br />   4、 但市场已经表明，人们很乐意放弃设计糟糕使用<b>痛苦</b>的软件，而追求更容易更好的软件，即使他们并不理解设计原理背后的说明。<br />
137,身边,shēn biān,beside,right beside you,（１）身体的近旁：年老多病的人～需要有人照料。（２）随身（携带）：他很用功，～总是带着本书。<br>,"1、她妈妈经常在她<b>身边</b>帮助她。 <br />   2、 由于生病，他<b>身边</b>总是留人。 <br />   3、 母亲通夜守护在病儿的<b>身边</b>。 <br />   4、 他很用功, <b>身边</b>总是带着本书。<br />"
138,结婚,jié hūn,marry,to be joined in marriage,男子和女子经过合法手续结合成为夫妻：～证书｜～登记。<br>,1、我可不<b>结婚</b>--<b>结婚</b>就像签了卖身契一样! <br />   2、 他将与珍<b>结婚</b>。 <br />   3、 他打算五月和珍<b>结婚</b>。 <br />   4、 金婚是<b>结婚</b>五十周年纪念日。<br />
139,医院,yī yuàn,hospital,building,治疗和护理病人的机构，也兼做健康检查、疾病预防等工作。<br>,1、另一方面，在<b>医院</b>的商业信息中，办事员关心的是超支的账单。 <br />   2、 设计师还必须了解特殊领域的颜色编码，在<b>医院</b>，黄色表示放射物，红色常意味生命受到威胁。 <br />   3、 完善的人物角色描述会包含这些信息，但在复杂的物理环境中（比如<b>医院</b>楼层和车间装配线），它会创建具体详细的用户环境的物理模型（地图或者楼层平面图）而有所帮助。 <br />   4、 例如，在<b>医院</b>的信息系统中，医生和护士对病人信息的心理模型来源于他们对病人的看法和治疗。<br />
140,外面,wài miàn,outside,on or towards the outside,１＜轻＞（～儿）外边：窗户～儿有棵梧桐树｜书～再包一层纸，可以保护封面。<br>,1、他们开始渐渐苏醒，<b>外面</b>的嘈杂声变得越来越真切了。 <br />   2、 他们可能在车站<b>外面</b>等着吗？ <br />   3、 门上轻轻的剥啄声终于提醒他们<b>外面</b>有人。 <br />   4、 培养器皿的<b>外面</b>当然是被污染的。<br />
141,妻子,qī zǐ,wife,married woman,（ｑī?ｚｉ）男女两人结婚后，女子是男子的妻子。另见妻子（ｚǐ）。<br>,"1、他的<b>妻子</b>体贴入微地照顾他。 <br />   2、 他和<b>妻子</b>共同经营这生意. <br />   3、 我<b>妻子</b>快要生孩子了。 <br />   4、 他<b>妻子</b>死後, 似乎万念俱灰.<br />"
142,因此,yīn cǐ,therefore,consequently; by consequence,因为这个：他的话引得大家都笑了，室内的空气～轻松了很多。<br>,1、<b>因此</b>需要提供视觉上的提示来标识位置和方向，这很重要。 <br />   2、 <b>因此</b>，多数应用程序只能将中间键当做快捷操作的捷径。 <br />   3、 <b>因此</b>，一定要避免在界面中全面使用大写字母。 <br />   4、 直到今天，你还<b>因此</b>讨厌地理吗？<br />
143,青年,qīng nián,youth,young man,（１）指人十五六岁到三十岁左右的阶段：～人｜～时代。（３）指上述年龄的人：新～｜好～。<br>,1、这不能磨灭<b>青年</b>人思想活力。 <br />   2、 用共产主义精神培养<b>青年</b>人 <br />   3、 英俊而高大的男<b>青年</b> <br />   4、 都市封农村<b>青年</b>具有一种诱惑力。<br />
144,医生,yī shēng,doctor,physician,掌握医药知识、以治病为业的人。<br>,1、作为一个交互设计者，你应该对附加工作的存在非常敏感，并且像治疗感染的<b>医生</b>一样有激情地采取措施根除附加工作。 <br />   2、 <b>医生</b>的名字前有“Dr”这个称呼。 <br />   3、 例如，在医院的信息系统中，<b>医生</b>和护士对病人信息的心理模型来源于他们对病人的看法和治疗。 <br />   4、 一位<b>医生</b>证明他精神不正常。<br />
145,方面,fāng miàn,side,take the side of,就相对的或并列的几个人或几件事物之一说，叫方面：优势是在我们～，不是在敌人～｜必须不断提高农业生产～的机械化水平。<br>,1、第1个<b>方面</b>是电子邮件。 <br />   2、 可用性在以下<b>方面</b>的测试特别有效。 <br />   3、 创作界面时，你必须不断地在视觉<b>方面</b>将其简化。 <br />   4、 但是在用户交互<b>方面</b>，二者之间类似的地方很少。<br />
146,名字,míng zi,name,"word or phrase indicating a particular person, place, class or thing",＜轻＞（１）一个或几个字，跟姓合在一起来代表一个人，区别于别的人。（２）一个或几个字，用来代表一种事物，区别于别种事物。<br>,1、从这时开始，你就要用他或者她的<b>名字</b>来描述人物角色。 <br />   2、 文件菜单的新<b>名字</b> <br />   3、 书可以通过除了<b>名字</b>以外的其他特征标志，如颜色或者形状查找。 <br />   4、 文档的<b>名字</b>应该显示在应用程序的标题栏上。<br />
147,根本,gēn běn,at all,at all,（１）事物的根源或最重要部分：应当从～上考虑解决问题的方法。（２）主要的；重要的：最～的问题。（３）本来；从来：这话我～没说过。（４）从头到尾；始终；全然（多用于否定式）：他～就没想到这些问题｜我～就不赞成这种做法。（５）彻底：问题已经～解决。<br>,1、数码产品经常指责用户犯错，哪怕错误<b>根本</b>不在用户，或者不该发生。 <br />   2、 从<b>根本</b>上说，真实世界比计算机所思考的要更有意义，也更重要。 <br />   3、 从<b>根本</b>上讲，界面设计的工作重点在于如何处理和组织好视觉元素，从而有效地传达出行为和信息。 <br />   4、 但是在<b>根本</b>上，仅仅有这些仍然是不够的。<br />
148,目光,mù guāng,glare,glare or sight,眼睛的神采；眼光：～炯炯｜～如豆。<br>,1、他的<b>目光</b>游移于四周的景色。 <br />   2、 他用可怜巴巴的<b>目光</b>盯着她。 <br />   3、 她把<b>目光</b>投向了屏幕。 <br />   4、 现在她却能用慷慨大度的慈善家的<b>目光</b>来眺望自己广阔的前程。<br />
149,注意,zhù yì,notice,to observe,把意志放到某一方面：～安全｜提请～。<br>,1、颜色的不同可以快速的引起我们的<b>注意</b>。 <br />   2、 在一群相似的物体中，较大的物体更容易引起我们的<b>注意</b>。 <br />   3、 不过，<b>注意</b>所有的列表域遗憾地使用了水平滚动条。 <br />   4、 以下是设计可用的语音界面时需要<b>注意</b>的一些简单原则。<br />
150,队长,duì chánɡ,captain,One of the athletes on a sports team designated to make decisions,1.一队的首领。<br>,1、<b>队长</b>有病时，副<b>队长</b>领队。 <br />   2、 <b>队长</b>对光线提出异议。 <br />   3、 获胜的队扛着<b>队长</b>走出场地. <br />   4、 <b>队长</b>在跟他们交涉使用体育馆的事。<br />
151,房间,fáng jiān,room,"A separate part of a building, enclosed by walls, a floor and a ceiling.",房子内隔成的各个部分。<br>,1、这时，为需要的人提供一个单独的<b>房间</b>是完全恰当的。 <br />   2、 工具提示代替丰富视觉非模态反馈显示<b>房间</b>号、房客名字，以及突出显示任何有关<b>房间</b>和房客的重要注意信息，<b>房间</b>、床位和雇员的数值概要位于上部。 <br />   3、 图表代表设施中的所有<b>房间</b>，颜色编码指示男性、女性、空置或男女混住的<b>房间</b>；数字表示空置的床位；<b>房间</b>之间的小框代表共享的浴室。 <br />   4、 我们知道的许多东西是不需要理解就能学到的，如脸、人际交往、态度、优美的旋律、品牌名称、<b>房间</b>布置、<b>房间</b>或办公室里的家具等。<br />
152,显得,xiǎn de,look,"to appear, to seem",表现出（某种情形）：节日的天安门～更加壮丽。<br>,1、的确，由于害怕<b>显得</b>愚蠢、无能，以及缺乏礼貌，许多人不会谈论他们觉得有问题或者难以理解的软件行为。 <br />   2、 如果客户将这些应用软件作为套件整体使用，单一标准可能<b>显得</b>很重要。 <br />   3、 照片让你在展开叙述，或者在你完成后让团队中其他人加入时<b>显得</b>更加真实。 <br />   4、 如果不对称，界面会<b>显得</b>失衡，好像摇摇欲坠倒向一边。<br />
153,故事,gù shì,story,account of events,１＜轻＞（１）真实的或虚构的用做讲述对象的事情，有连贯性，富吸引力，能感染人：红军长征的～｜民间～。（２）文艺作品中用来体现主题的情节：～性。<br>,1、最终，围绕<b>故事</b>设计出的体验用户更容易理解，也更容易投入，因为这些体验是以某个<b>故事</b>为结构建立起来的。 <br />   2、 【鼓励讲<b>故事</b>】 <br />   3、 就像<b>故事</b>板作为电影脚本，设计方案应该根据一个图景——一个<b>故事</b>来创造和深化。 <br />   4、 从很小时开始，我们就习惯了用<b>故事</b>来考虑可能性，想像用户的一个新的并且更好的未来，想像用户使用我们产品的<b>故事</b>。<br />
154,生命,shēng mìng,life,a status given to entities which have the properties of replication and metabolism,生物体所具有的活动能力。生命是蛋白质存在的一种形式，其最基本的特征就是蛋白质能通过新陈代谢作用不断地跟周围环境进行物质交换。新陈代谢一停止，生命就停止，蛋白质也就分解。<br>,1、设计师还必须了解特殊领域的颜色编码，在医院，黄色表示放射物，红色常意味<b>生命</b>受到威胁。 <br />   2、 死亡隶属于<b>生命</b>，正与生一样。 <br />   3、 只有奇迹才能挽救她的<b>生命</b>。 <br />   4、 正常细胞显示有限的<b>生命</b>期。<br />
155,时代,shí dài,age,particular period of time in history,（１）指历史上以经济、政治、文化等状况为依据而划分的某个时期：石器～｜封建～｜五四～。（２）指个人生命中的某个时期：青年～。<br>,1、机械<b>时代</b>的表现方式 <br />   2、 机械<b>时代</b>和信息<b>时代</b>的表现模型 <br />   3、 当应用到信息<b>时代</b>的系统中时，隐喻存在很多局限性。 <br />   4、 然而有时机械<b>时代</b>的表现方式不应该完全转换到数字<b>时代</b>中。<br />
156,太阳,tài yáng,sun,"any star, especially when seen as the centre of any single solar system",（１）银河系的恒星之一，是一炽热的气体球，体积比地球大１３０万倍，质量是地球的３３３，４００倍，表面温度约６，０００℃，内部温度约１５，０００，０００℃，，内部经常不断地进行原子核反应而产生大量的热能。太阳是太阳系的中心天体，距地球约为一亿五千万公里。地球和其他行星都围绕着它旋转并且从它得到光和热。（２）指太阳光：今天～很好。<br>,"1、哥白尼证明地球围绕<b>太阳</b>转。 <br />   2、 万物生长都依靠<b>太阳</b>。 <br />   3、 <b>太阳</b>一出来,雾就会消失。 <br />   4、 从黑云的边缘露出了<b>太阳</b>的光线。<br />"
157,决定,jué dìng,determine,to ascertain definitely,（１）对如何行动做出主张：领导上～派他去学习｜这件事情究竟应该怎么办，最好是由大家来～。（２）决定的事项：这个问题尚未做出～｜组长们回去要向本组传达这项～。（３）某事物成为另一事物的先决条件；起主导作用：存在～意识｜生产力的发展～生产方式的变革。（４）客观规律促使事物一定向某方面发展变化：～性｜～因素。<br>,1、在你<b>决定</b>购买日用品之后，选择哪个结账口付款不重要。 <br />   2、 对第1个下拉菜单的选择<b>决定</b>了第2个下拉菜单提供的选择内容。 <br />   3、 在很多组织中，有关平台的<b>决定</b>，尤其是那些关于硬件的<b>决定</b>都发生在交互设计者参与之前，这很不幸。 <br />   4、 如果出现意外，程序应该做出自己权威的建设性<b>决定</b>。<br />
158,继续,jì xù,continue,intransitive: resume,（１）（活动）连下去；延长下去；不间断：～不停｜～工作。（２）跟某一事有连续关系的另一事：中国革命是伟大的十月革命的～。<br>,1、它是否会<b>继续</b>，接着炸死你家的狗？ <br />   2、 这种影响可能还会<b>继续</b>，除非我们一致协作来改变这种局面。 <br />   3、 这种情况称为“阻塞型公告”，因为直到用户回应，程序才能<b>继续</b>。 <br />   4、 <b>继续</b>说录入员输入发票的例子，这个录入员是一个全职的数据输入人员。<br />
159,媳妇,xí fù,daughter-in-law,wife of one&#39;s son,（１）儿子的妻子。也叫儿媳妇儿。（２）晚辈亲属的妻子（前面加晚辈称呼）：侄～｜孙～。<br>,1、给了儿子<b>媳妇</b>东西没有？ <br />   2、 过门不久的新<b>媳妇</b>也得到这么大的荣誉！ <br />   3、 你也是娶<b>媳妇</b>大汉了 <br />   4、 把你娶<b>媳妇</b>应办的事早些料理料理，免得到时丢三落四的。<br />
160,肯定,kěn dìng,affirm,to agree with or verify,（１）承认事物的存在或事物的真实性（跟‘否定’相对）：～成绩。（２）表示承认的；正面的（跟‘否定’相对）：～判断｜我问他赞成不赞成，他的回答是～的（＝赞成）。（３）一定；无疑问：情况～是有利的。（４）确定；明确：他今天来不来还不能～｜请给一个～的答复。<br>,1、如果用过项目管理或组织图表程序，你<b>肯定</b>熟悉这个习惯用法。 <br />   2、 这是到目前为止最常实现的撤销功能，并且对于大多数程序来说<b>肯定</b>够了，即使没有达到最好。 <br />   3、 你<b>肯定</b>想调整周末栏的大小，以反映它相对于工作日的重要性。 <br />   4、 然而人的行为<b>肯定</b>不会像一台电子计算机那样被决定，而且也明显不会是随机的，向用户提出傻问题<b>肯定</b>会让用户感到挫折。<br />
161,爱情,ài qíng,love,strong affection,男女相爱的感情。<br>,1、他既写<b>爱情</b>诗也写神秘故事。 <br />   2、 <b>爱情</b>的信物((两人所生的孩子)) <br />   3、 没有尊重，就没有真正的<b>爱情</b>。 <br />   4、 他们的友谊渐渐发展成<b>爱情</b>.<br />
162,眼泪,yǎn lèi,tear,A drop of liquid produced from the eyes by crying or irritation.,泪液的通称。<br>,1、他再也忍不住自己的<b>眼泪</b>. <br />   2、 保留有价值的信息；忍住<b>眼泪</b> <br />   3、 符瑞德利克眸子里的一滴<b>眼泪</b>，激励我继续说下去。 <br />   4、 黛西躲在邻居家里，又羞又怕，直流<b>眼泪</b>。<br />
163,留下,liú xià,leave behind,leave a trace,"1.谓把东西搁下。);
2.留住下来。);
3.收受下来。);
4.指付钱买下。);
5.停留而攻下。<br>",1、不仅仅是因为这种输入法难于使用，而且通常会在屏幕上<b>留下</b>重重的指纹。 <br />   2、 这样也为这名用户<b>留下</b>了更多的空间买书，导航也变得更容易了；相反，如果他经常访问账号页面，为其量身定做的网站就应该将账号按钮（或者标签）醒目地呈现在他面前。 <br />   3、 前面所有的建议只是一个温和的解决方案，按照这些建议当然会改善粗糙的界面，但是还会<b>留下</b>遗憾的地方。 <br />   4、 克拉博兹基<b>留下</b>大量的藏书。<br />
164,机会,jī huì,opportunity,"chance for advancement, progress or profit",＜轻＞恰好的时候；时机：错过～｜千载一时的好～。<br>,1、在接下来的设计过程中，有很多<b>机会</b>和时间来修改这个极端的视觉风格。 <br />   2、 在确定和量化市场<b>机会</b>方面，市场划分的确是非常有用的工具。 然而，与市场<b>机会</b>相对应的是产品，在产品定义方面，市场划分则是一个低效率的工具。 <br />   3、 ( 理解商业、技术，以及业内的<b>机会</b>、需求和制约。 <br />   4、 个性化工具必须简单易用，在用户确定选择之前给他们一个预览的<b>机会</b>。<br />
165,能够,néng gòu,be able to,have ability to,（１）表示具备某种能力，或达到某种效率：人类～创造工具｜他～独立工作了。（２）表示有条件或情理上许可：下游～行驶轮船｜明天的晚会，家属也～参加。<br>,1、只有那时，我们才<b>能够</b>设计合适的交互行为和界面。 <br />   2、 了解了这些，我们<b>能够</b>非常清晰地对这些功能进行优先级排序。 <br />   3、 为具备数据免疫能力，软件必须训练成<b>能够</b>三思而后行，<b>能够</b>主动寻求帮助。 <br />   4、 理解用户执行任务的原因让设计师<b>能够</b>改善，或者甚至是消除某些任务，同时仍然<b>能够</b>完成目标。<br />
166,结果,jiē guǒ,result,that which results,１在一定阶段，事物发展所达到的最后状态：优良的学习成绩，是长期刻苦学习的～。<br>,1、如果说<b>结果</b>，那就是产品会更加容易理解，并且使用起来更愉悦。 <br />   2、 理想情况下，人物角色应该包含绝大部分的用户研究中的调查<b>结果</b>，并且这些研究<b>结果</b>就可以直接用于接下来的设计工作中（你会在后面几章中了解到）。 <br />   3、 映射描述了控件、影响的事物，以及与预期<b>结果</b>之间的关系。 <br />   4、 在信息图形中，要阐明原因与<b>结果</b>。<br />
167,父母,fù mǔ,parents,father and mother,父亲和母亲。<br>,1、<b>父母</b>必须对他的孩子有耐心。 <br />   2、 我们知道这类按钮可以按，是因为看见过周围类似的电子设备，或者因为多年前与<b>父母</b>一起站在门阶上学会了如何进入他人家门。 <br />   3、 在家靠<b>父母</b>，出门靠朋友。 <br />   4、 她<b>父母</b>省吃俭用好让她出国学习声乐.<br />
168,公室,ɡōnɡ shì,office,office room,我国古代诸侯的家族称‘公室’。‘公室’上与‘王室’相对，下与‘私门’相对。<br>,1、当 你 感 到 足 够 放 心 ， 可 以 和 网 友 电 话 聊 天 时 ， 给 他 (她 )一 个 办 <b>公</b> <b>室</b> 电 话 、 手 机 或 呼 机 号 码，不 要 告 诉 对 方 自 己 的 住 宅 电 话 号 码 或 索 要 对 方 的 宅 电 。 <br />   2、 使用范围广泛：适用于家庭、<b>公</b><b>室</b>、滩、外生活等。 <br />   3、 她 说 ， 在 办 <b>公</b> <b>室</b> 里 你 可 以 威 严 苛 求 地 成 为 战 斗 女 神 ， 但 这 种 风 格 只 宜 留 在 办 <b>公</b> <b>室</b> ， 到 了 家 里 你 就 要 像 对 待 朋 友 和 成 年 人 那 样 对 待 你 的 丈 夫 。 <br />   4、 <b>公</b>司在董事会的直接领导下设有：总经理办、金部、财部、目拓展部、林绿化工程处、力资源部、<b>公</b><b>室</b>等部门。<br />
169,无论,wú lùn,no matter,regardless of,连词，表示条件不同而结果不变：～任务怎么艰巨，我们一定要把它完成。<br>,1、<b>无论</b>采用哪种方式，你都必须要坚持一致。 <br />   2、 这意味着<b>无论</b>你提供什么样的帮助，它都不应该在界面中固定下来。 <br />   3、 这种数字汤能够接收我们向它导入的任何记录，<b>无论</b>大小、长短、类型或者内容。 <br />   4、 <b>无论</b>拖放的目标对象是否在屏幕之外，程序都需要自动滚动。<br />
170,感情,gǎn qíng,emotion,person&#39;s internal state of being,（１）对外界刺激的比较强烈的心理反应：动～｜～流露。（２）对人或事物关切、喜爱的心情：他对农村产生了深厚的～。<br>,1、控制（掩饰）<b>感情</b> <br />   2、 <b>感情</b>细腻的女子 <br />   3、 我的<b>感情</b>与你的<b>感情</b>是一致的。 <br />   4、 对受伤害之<b>感情</b>的一种安慰<br />
171,思想,sī xiǎng,thought,form created in the mind,（１）客观存在反映在人的意识中经过思维活动而产生的结果。思想的内容为社会制度的性质和人们的物质生活条件所决定，在阶级社会中，思想具有明显的阶级性。（２）念头；想法：她早有去农村参加农业生产的～。（３）思量。<br>,1、最后，人物角色和场景剧本被用来在整个过程中测试设计<b>思想</b>和设计猜想的有效性。 <br />   2、 在下一章中，我们将会更多地讨论如何增加用户的效率和减少不必要的来自于实现模型<b>思想</b>中的阻碍。 <br />   3、 精心设计并运用得当的进展式评估可以开启一扇了解用户<b>思想</b>的窗户，让设计者看到目标用户群对于帮助他们完成任务的这些工具和信息的反应如何。 <br />   4、 所以它不能替代交互设计，永远也不可能是产生人见人爱产品的伟大<b>思想</b>的源泉。<br />
172,旁边,páng biān,beside,next to,（～儿）左右两边；靠近的地方：马路～停着许多小汽车。<br>,1、我<b>旁边</b>的那个人抽烟，我受不了。 <br />   2、 使用者可以从中选择所需，选定的图标按钮就出现在工具栏的箭头<b>旁边</b>。 <br />   3、 一堆脏衣服放在洗衣机<b>旁边</b>。 <br />   4、 基思并不认识他<b>旁边</b>的那个实习生。<br />
173,敌人,dí rén,enemy,"someone who is hostile to, feels hatred towards, opposes the interests of, or intends injury to someone else",敌对的人；敌对的方面。<br>,1、同时，他在这儿会碰到<b>敌人</b>的。 <br />   2、 这些死板的规则使得软件成为人类的<b>敌人</b>，因为人类不能采取规避措施来防止更大的错误，很快就不会关心对软件的保护措施，也就不能避免真正的大问题。 <br />   3、 怎样才能抵销<b>敌人</b>的宣传? <br />   4、 基督倡导宽恕（应宽恕<b>敌人</b>等）.<br />
174,真正,zhēn zhèng,genuine,"real, authentic",（１）实质跟名义完全相符：群众是～的英雄｜～的吉林人参。（２）的的确确；确实。<br>,1、危险项目是那些只有<b>真正</b>的专家用户才使用的功能，包括各种高级设置。 <br />   2、 我们凭直觉理解隐喻，但直觉<b>真正</b>的意思是什么？ <br />   3、 <b>真正</b>的混乱来自于第2组终止按钮的出现，每个取消按钮的范围是什么？ <br />   4、 当然，在屏幕上的元素没有<b>真正</b>的纹理，不过它们可以具有纹理的外表。<br />
175,土司,tǔ sī,toast,toasted bread,元明清时期，在西南、西北地区设置的由少数民族首领充任并世袭的官职。有文职和武职之分。按等级以土知府、土知州、土知县等官隶吏部，以宣慰使、宣抚使、安抚使等官隶兵部。明清时，曾在部分地区实行改土归流，废除世袭土司。解放后土司制度已被彻底废除。<br>,1、<b>土司</b>、玩具和书的总花销是十美元。 <br />   2、 他设法吞下一点汤和不涂奶油的<b>土司</b>。 <br />   3、 最好是<b>土司</b>与牛奶。 <br />   4、 我有果汁、麦片、<b>土司</b>和咖啡当早餐。<br />
176,微笑,wēi xiào,smile,An upwards movement of the sides of the mouth that indicates happiness or satisfaction.,（１）略带笑容。（２）不显著的、不出声的笑。<br>,1、善意的行动得到幸福的<b>微笑</b>。 <br />   2、 暮色中我看见了她在<b>微笑</b>，那种不可捉摸的女人的<b>微笑</b>。 <br />   3、 他那张宽大的脸上堆满<b>微笑</b>。 <br />   4、 她的脸上闪耀着胜利的<b>微笑</b>。<br />
177,经理,jīng lǐ,manager,"person whose job is to manage something (for female equivalents, see manageress)",（１）经营管理。（２）某些企业的负责人。<br>,"1、小姐，你好。我想找<b>经理</b>谈一下。 <br />   2、 产品的用户应该是设计的主要关注点，他们是那些亲自使用产品来达到某些目标的人（而不是他们的<b>经理</b>或者产品支持团队）。 <br />   3、 他再度出山, 任该公司<b>经理</b>。 <br />   4、 因此每一个设计者和产品<b>经理</b>都值得关注各种形式的交互附加工作，并且值得花费精力找到那些存在于所设计产品中的附加工作。<br />"
178,如今,rú jīn,now,at the present time,现在：～的事情，再用老眼光看可不行了。注意：‘现在’可以指较长的一段时间，也可以指极短的时间，‘如今’只能指较长的一段时间。<br>,"1、<b>如今</b>呢, 可比以往任何时候都要强。 <br />   2、 <b>如今</b>我行走离不开手杖了。 <br />   3、 他<b>如今</b>无忧无虑。 <br />   4、 “<b>如今</b>到处是废话，泛滥成灾，”那个人愤愤不平地说。<br />"
179,奶奶,nǎi nai,grandmother,mother of someone&#39;s parent,＜轻＞（１）＜口＞祖母。（２）＜口＞称跟祖母辈分相同或年纪相仿的妇女。（３）＜方＞少奶奶。<br>,1、<b>奶奶</b>累了，所以上楼走得很慢。 <br />   2、 这次去的目的是看望<b>奶奶</b>。 <br />   3、 <b>奶奶</b>帮忙洗洗涮涮和照看婴儿。 <br />   4、 亲爱的<b>奶奶</b>，欢迎你回来！<br />
180,下午,xià wǔ,afternoon,part of the day between noon and evening,从正午十二点到半夜十二点的一段时间，一般也指从正午十二点到日落的一段时间。<br>,1、我将在上午工作，<b>下午</b>打网球。 <br />   2、 <b>下午</b>六点左右来。 <br />   3、 <b>下午</b>好，陈先生。非常感谢。 <br />   4、 站岗到<b>下午</b>三点钟<br />
181,漂亮,piào liang,beautiful,possessing charm and attractive,＜轻＞（１）好看；美观：长得～｜衣服～｜节日里，孩子们打扮得漂漂亮亮的。（２）出色：事情办得～｜打了一次～仗｜普通话说得很～。<br>,1、所有的女装晚礼服都很<b>漂亮</b>. <br />   2、 这些设计师能够为界面创造出<b>漂亮</b>而恰当的外表，并将其与公司品牌建立起联系或者形成一种氛围。 <br />   3、 这当然是一件<b>漂亮</b>外套，很<b>漂亮</b>。 <br />   4、 卡罗尔很<b>漂亮</b>，她姐姐也很<b>漂亮</b>。<br />
182,大概,dà gài,probably,in all likelihood,（１）大致的内容或情况：他口里不说，心里却捉摸了个～。（２）不十分精确或不十分详尽：他把情况做了个～的分析｜这件事我记不太清，只有个～的印象。（３）表示有很大的可能性：雪并没有多厚，～在半夜就不下了｜从这里到西山，～有四五十里地。<br>,1、<b>大概</b>是她没有足够的信心吧！ <br />   2、 他确认<b>大概</b>是二十人左右。 <br />   3、 在考虑产品所需的主要屏幕或者状态（以后我们称之为“视图”）时，对于它们的样子，初始的情境场景剧本会给你一个<b>大概</b>的感觉。 <br />   4、 他<b>大概</b>除了星期天不会有空。<br />
183,城市,chéng shì,city,large settlement,人口集中、工商业发达、居民以非农业人口为主的地区，通常是周围地区的政治、经济、文化中心。<br>,1、北京是一个典型的中国<b>城市</b>。 <br />   2、 当你在另一个<b>城市</b>旅行，甚至在你并没有明确要求时，导游就知道你需要一个旅馆房间。 <br />   3、 工业<b>城市</b>往往是很脏的，但是这<b>城市</b>异常清洁。 <br />   4、 我们的<b>城市</b>是个工业<b>城市</b>。<br />
184,难道,nán dào,you don't say,(idiomatic) really? ; no kidding! ; Is that so?,副词，加强反问的语气：河水～会倒流吗？｜他们做得到，～我们就做不到吗？也说难道说。注意：句末可以用‘不成’呼应，如：～他病了不成？｜～就罢了不成！<br>,1、<b>难道</b>你不会感到有点紧张吗？ <br />   2、 我爱你。<b>难道</b>这还不够吗? <br />   3、 <b>难道</b>你没需要申报的东西吗？ <br />   4、 你<b>难道</b>听不见程序员在喊：“怎么能改变已经成为标准的事物呢？<br />
185,要求,yāoqiú,request,(to) ask,（１）提出具体愿望或条件，希望得到满足或实现：～入党｜严格～自己。（２）所提出的具体愿望或条件：满足了他的～｜符合上级的～。<br>,1、在人少的餐馆，我们如果礼貌地<b>要求</b>换另一个座位时，我们希望服务员接受我们的<b>要求</b>。 <br />   2、 任何<b>要求</b>精确对齐的程序必须提供精确滚动的游标工具。 <br />   3、 而且静态暗示<b>要求</b>对象必须足够大，才能容纳得下启示信息。 <br />   4、 这每种产品的<b>要求</b>和约束对于设计意味着什么？<br />
186,脑袋,nǎo dai,noodle,"the brain, the head",＜轻＞＜口＞（１）头（ｔóｕ）①。（２）脑筋。<br>,1、查理睡着，<b>脑袋</b>倒在旧靠椅外面。 <br />   2、 青蛙低下<b>脑袋</b>，沉入水中。 <br />   3、 拉姆齐医生张开口，<b>脑袋</b>往后一仰，放肆地大笑起来。 <br />   4、 他<b>脑袋</b>里主意很多。<br />
187,答应,dā ying,answer,to make a reply or response to,＜轻＞（１）应声回答：喊了好几声，也没有人～。（２）允许；同意：他起初不肯，后来才～了。<br>,"1、<b>答应</b>吧，办不到；不<b>答应</b>吧，又有点难为情。 <br />   2、 如果你<b>答应</b>出资本,我<b>答应</b>经管这个生意。 <br />   3、 此外,我要你<b>答应</b>我一件事。 <br />   4、 他<b>答应</b>我尽快完成这个工作。<br />"
188,整个,zhěnggè,entire,whole,（～儿）全部：～上午｜～会场｜～社会。<br>,1、最大化窗口充满了<b>整个</b>屏幕，覆盖了所有底下的内容。 <br />   2、 它们含蓄地鼓励在<b>整个</b>团队中以‘如果…… <br />   3、 原则和模式则加入了一种自下而上的方法，从而平衡<b>整个</b>过程。 <br />   4、 这些控件改变<b>整个</b>视觉显示的外观，即正常视图、页面布局和大纲视图。<br />
189,意识,yì shí,consciousness,awareness,（１）人的头脑对于客观物质世界的反映，是感觉、思维等各种心理过程的总和，其中的思维是人类特有的反映现实的高级形式。存在决定意识，意识又反作用于存在。（２）觉察（常与‘到’字连用）：天还冷，看见树枝发绿才～到已经是春天了。<br>,1、近来，许多设计者还<b>意识</b>到了一个最重要的观点，那就是手持设备往往并不是独立的设备。 <br />   2、 设计者开始<b>意识</b>到除了习惯以外，没有理由将工具栏控件限制为图标按钮。 <br />   3、 在现实世界中，限制总是可以调整的，体贴的软件需要<b>意识</b>并且包容这类事实。 <br />   4、 如果用户很快<b>意识</b>到自己忘了一个重要的改动，他在打印机刚打出第1页时单击取消按钮。<br />
190,文化,wénhuà,culture,"The body of customary beliefs, social forms, and material traits constituting a distinct complex of tradition of a racial or social group.",（１）人类在社会历史发展过程中所创造的物质财富和精神财富的总和，特指精神财富，如文学、艺术、教育、科学等。（２）考古学用语，指同一个历史时期的不依分布地点为转移的遗迹、遗物的综合体。同样的工具、用具，同样的制造技术等，是同一种文化的特征，如仰韶文化、龙山文化。（３）指运用文字的能力及一般知识：学习～｜～水平。<br>,1、如果用户没有和设计者相似的<b>文化</b>背景，就容易导致隐喻的失败。 <br />   2、 具有这种<b>文化</b>的人又如何会在信息经济中取得成功，而缺乏计算机<b>文化</b>的人则不可避免地落入社会经济学的裂缝中。 <br />   3、 最后要考虑一点，尤其在商业产品中是用户所在组织之间的<b>文化</b>差异。 <br />   4、 在人类学中，人种学研究人员在其所研究和记录的<b>文化</b>中花数年的时间进行浸入式的生活。<br />
191,尽管,jǐnguǎn,although,in spite of the fact that,（１）副词，表示不必考虑别的，放心去做：有意见～提，不要客气｜你有什么困难～说，我们一定帮助你解决。（２）＜方＞副词，老是；总是：有病早些治，～耽搁着也不好。（３）连词，表示姑且承认某种事实，下文往往有‘但是、然而’等表示转折的连词跟它呼应，反接上文：～他不接受我的意见，我有意见还要向他提｜～以后变化难测，然而大体的计算还是可能的。<br>,1、这种差异存在着充分的理由，<b>尽管</b>我们偶尔会感到迷惑。 <br />   2、 <b>尽管</b>书中的例子有些古老，但是其中原则在今天仍然非常适用。 <br />   3、 <b>尽管</b>它们偶尔会有用，但多数用户不会经常使用它们。 <br />   4、 这些原始数据<b>尽管</b>很精确，但没有说清楚这些情况。<br />
192,幸福,xìngfú,happiness,emotion of being happy,（１）使人心情舒畅的境遇和生活：我们今天的～是先烈们流血流汗得来的。（２）（生活、境遇）称心如意：生产越来越提高，人民越来越～。<br>,1、大家都盼望你生活<b>幸福</b>，无忧无虑。 <br />   2、 包罗丰富的<b>幸福</b>是有可能的。 <br />   3、 他惟一的目的就是使她<b>幸福</b>。 <br />   4、 在 [生活在] 幻想的<b>幸福</b>[希望]中<br />
193,爷爷,yé ye,grandfather,grandfather (from either side),＜轻＞＜口＞（１）祖父。（２）称呼跟祖父辈分相同或年纪相仿的男人。<br>,1、我真想去火车站接<b>爷爷</b>。 <br />   2、 我爱你， <b>爷爷</b>。 <br />   3、 “好难挨的冬天啊，”<b>爷爷</b>对乌龟说。 <br />   4、 <b>爷爷</b>出去散步时总要带根手杖。<br />
194,哥哥,gē ge,brother,male sibling,〈轻〉（１）同父母（或只同父、只同母）而年纪比自己大的男子。（２）同族同辈而年纪比自己大的男子：叔伯～｜远房～。<br>,1、他将学他<b>哥哥</b>的榜样，也去参军。 <br />   2、 亨利是我的<b>哥哥</b>；他比我大两岁。 <br />   3、 我<b>哥哥</b>刚接到工厂的工程师任命书。 <br />   4、 勇敢是他的<b>哥哥</b>最欣赏的美德。<br />
195,街上,jiē shànɡ,downtown,streets with shops on both sides of the street,1. 在城市的大道上。如：在街上碰见他。<br>,"1、昨天,很多人在<b>街上</b>游行示威。 <br />   2、 <b>街上</b>相隔不远就有路灯柱子。 <br />   3、 节日那天<b>街上</b>很热闹。 <br />   4、 除了集市的日子，<b>街上</b>没有行人。<br />"
196,肚子,dǔ zi,stomach,digestive organ,１（ｄǔ?ｚｉ）用做食物的动物的胃：猪～。<br>,"1、亨利<b>肚子</b>疼请求离开一下。 <br />   2、 嗟来之食, 吃下去<b>肚子</b>要痛的。 <br />   3、 他用膝盖挤压那人的<b>肚子</b>。 <br />   4、 但是我并不是说他<b>肚子</b>里从来不想那事呀。<br />"
197,必须,bìxū,have to,obligation,（１）表示事理上和情理上的必要；一定要：学习～刻苦钻研。（２）加强命令语气：明天你～来。‖注意：‘必须’的否定是‘无须’、‘不须’或‘不必’。<br>,1、重大改变<b>必须</b>是非常好的改变。 <br />   2、 成功的产品<b>必须</b>首先满足用户目标 <br />   3、 拖动光标<b>必须</b>在视觉上表示源对象。 <br />   4、 目标<b>必须</b>来自定性数据<br />
198,可怜,kělián,poor,to be pitied,（１）值得怜悯：他刚三岁就死了父母，真是个～的孩子！（２）怜悯：对这种一贯做坏事的人，绝不能～他。（３）（数量少或质量坏到）不值得一提：少得～｜知识贫乏得～。<br>,1、〔谚语〕希望不实现，心碎亦<b>可怜</b>。 <br />   2、 他想跟这个<b>可怜</b>的女人和解。 <br />   3、 他要在深更半夜去勒索<b>可怜</b>的老百姓。 <br />   4、 我要去救我爹和<b>可怜</b>的赫里。<br />
199,沉默,chénmò,silence,The lack of any sound,（１）不爱说笑：～寡言。（２）不说话：他～了一会儿又继续说下去。<br>,1、软件也应该对其自己的问题保持<b>沉默</b>，而关注我们的问题。 <br />   2、 接着是长时间的难堪的<b>沉默</b>。 <br />   3、 如果程序不能理解输入的数据，它可以保持<b>沉默</b>。 用户就会立刻知道问题，在不尴尬或伤害自尊的情况下改正输入。 <br />   4、 <b>沉默</b>可以确保用户知道，而又没有实际告诉他失败。<br />
200,充满,chōngmǎn,full,containing the maximum possible amount,（１）填满；布满：欢呼声～了会场（２）充分具有：雄壮的歌声里～着热情和力量。<br>,1、最大化窗口<b>充满</b>了整个屏幕，覆盖了所有底下的内容。 <br />   2、 你见过多少应用程序的开始是一个<b>充满</b>大量问题的对话框？ <br />   3、 我们的语言<b>充满</b>成语和习惯用语，如果没有学过，你不会明白它是什么意思。 <br />   4、 而绪论所探讨的交互数字产品比较特殊，其设计<b>充满</b>了复杂的行为。<br />
201,姐姐,jiě jie,older sister,a sibling&#39;s older sister,＜轻＞（１）同父母（或只同父、只同母）而年纪比自己大的女子。（２）同族同辈而年纪比自己大的女子（一般不包括可以称做嫂的人）：叔伯～。<br>,1、他解不出那个方程式，他<b>姐姐</b>帮他算了出来。 <br />   2、 你多长时间收到你<b>姐姐</b>一封信? <br />   3、 卡罗尔很漂亮，她<b>姐姐</b>也很漂亮。 <br />   4、 他试图向我<b>姐姐</b>求婚。<br />
202,至于,zhìyú,as for,regarding; about,（１）表示达到某种程度：他说了要来的，也许晚一些，不～不来吧？（２）表示另提一事：这两年来，社里新盖的瓦房就有几百间，～社员添置的衣物等日用品，就不可胜数了。<br>,1、<b>至于</b>费用，那将是徽不足道的。 <br />   2、 <b>至于</b>书法，我们不鼓励他们过早地乱写。 <br />   3、 <b>至于</b>他的品德，也是值得称赞的。 <br />   4、 她不<b>至于</b>不来上学。<br />
203,进行,jìnxíng,carry out,To fulfill,（１）从事（某种活动）：～讨论｜～工作｜～教育和批评｜将革命～到底｜会议正在～。注意：‘进行’总是用在持续性的和正式、严肃的行为，短暂性的和日常生活中的行为不用‘进行’，例如不说‘进行午睡’，‘进行叫喊’。（２）前进；～曲。<br>,1、信息亭应该针对首次使用<b>进行</b>优化。 <br />   2、 按统一文件模型<b>进行</b>设计 <br />   3、 她会<b>进行</b>这种操作吗？” <br />   4、 <b>进行</b>进展式可用性测试<br />
204,新月,xīnyuè,new moon,phase of moon when in conjunction with sun,（１）农历月初形状如钩的月亮：一弯～。（２）朔日的月相（人看不见）。也叫朔月。<br>,1、上弦月是<b>新月</b>和满月的中间状态。 <br />   2、 成矿带呈西端张开的<b>新月</b>状。 <br />   3、 <b>新月</b>；满月 <br />   4、 国王查理六世在一三九九年犯了六次疯病，不是在<b>新月</b>，就是在满月。<br />
205,文学,wénxué,literature,body of all written works,以语言文字为工具形象化地反映社会生活斗争的艺术，包括戏剧、诗歌、小说、散文等。<br>,1、他精通古希腊和古罗马<b>文学</b>. <br />   2、 他正讲俄罗斯<b>文学</b>. <br />   3、 欣赏<b>文学</b> <br />   4、 他主修俄罗斯<b>文学</b>。<br />
206,历史,lìshǐ,history,computing: record of previous user events,（１）自然界和人类社会的发展过程，也指某种事物的发展过程和个人的经历。（２）过去的事实：这件事早已成为～。（３）过去事实的记载。（４）指历史学科。<br>,1、但是好的设计师会抛开传统，用崭新的观点来看待软件设计。 他们以<b>历史</b>为鉴，而不是以<b>历史</b>为教条。 <br />   2、 图1-1描述了软件开发流程的<b>历史</b>变迁，从中可以看出各个<b>历史</b>阶段，设计在产品开发流程中所处的位置（如果占有一席之地的话）。 <br />   3、 图1-1 软件开发流程的<b>历史</b>变迁 <br />   4、 有很多工具在源代码中支持<b>历史</b>版本的概念，然而最近才从编程序领域中走出来。<br />
207,曾经,céngjīng,ever,at any time,副词，表示从前有过某种行为或情况：他～多次立过战功。<br>,"1、这就像有很多好软件<b>曾经</b>采用过软盘，就崇拜软盘一样。 <br />   2、 微软和其他许多公司<b>曾经</b>长期对鼠标右键视而不见，只有少数勇敢的程序员将一些行为与右键关联起来。 这些行为被看做是额外、备选或高级的功能。 <br />   3、 如果<b>曾经</b>试过教你的母亲如何使用计算机，你会知道，困难不只来自问题本身。 <br />   4、 目前，大多数数字产品的开发仍然滞留在演变的第一、第二和第三阶段。此时，设计要么没有实际的作用，要么仅仅作为劣质交互的补丁--我们的一位客户<b>曾经</b>称之为""猪涂口红""*。<br />"
208,作者,zuòzhě,author,originator or creator of a work,文章的写作者；艺术作品的创作者。<br>,1、怎样写句子取决于主人公做了什么，以及<b>作者</b>想要创造什么样的效果。 <br />   2、 每张卡片以<b>作者</b>姓名、科目或者标题开头，这些卡片按字母顺序分别归于相应的索引。 <br />   3、 情境调查形成了定性研究的理论基础，但作为一种具体的方法，至少在<b>作者</b>看来，它存在一些限制，而且效率不高。 <br />   4、 糟糕的<b>作者</b>是能够看到的<b>作者</b>，一个糟糕的交互设计师在他的产品中展示其笨拙的存在。<br />
209,家庭,jiātíng,family,"immediate family, e.g. parents and their children",以婚姻和血统关系为基础的社会单位，包括父母、子女和其他共同生活的亲属在内。<br>,1、与<b>家庭</b>保持联系 <br />   2、 少数<b>家庭</b>可以抚养孩子。 <br />   3、 很多人都发现复杂的遥控器让人退缩，<b>家庭</b>娱乐系统的遥控器上的大多数功能极少被用到。 <br />   4、 单亲<b>家庭</b><br />